elec_steel_fab,elec_steel_rolling,steel_bloom,elec_EAF,iron_forEAF,elec_DRI,natgas_DRI,elec_BOF,iron_forBOF,elec,coal,"fabrication, heavy sections.wf","fabrication, heavy sections.elec","fabrication, heavy sections.trans_co2","rolling, bloom.elec","rolling, bloom.heat","steelmaking, electric arc furnace.scrap_pct","steelmaking, electric arc furnace.wf","steelmaking, electric arc furnace.kWh_EAF","steelmaking, electric arc furnace.trans_co2","ironmaking, direct reduction, MIDREX.co2_kg","ironmaking, direct reduction, MIDREX.elec","ironmaking, direct reduction, MIDREX.ng_mj","ironmaking, direct reduction, MIDREX.ore_kg","ironmaking, direct reduction, MIDREX.trans_co2","steelmaking, basic oxygen converter.elec","steelmaking, basic oxygen converter.scrap_pct","steelmaking, basic oxygen converter.wf","steelmaking, basic oxygen converter.co2_kg","ironmaking, blast furnace.elec","ironmaking, blast furnace.co2_kg",sintering.co2_kg,coking.co2_kg,gwp,gwp_be,gep_bu,ap,ep,odp,pocp,gwp_AR5,gwp_EF2,gwp_CML,sim_type
"Electricity; at grid; consumption mix - PJM Interconnection, LLC - BA","Electricity; at grid; consumption mix - PJM Interconnection, LLC - BA","steelmaking, electric arc furnace","Electricity; at grid; consumption mix - PJM Interconnection, LLC - BA","ironmaking, direct reduction, MIDREX","Electricity; at grid; consumption mix - PJM Interconnection, LLC - BA",natural gas extraction and processing - Appalachian,"Electricity; at grid; consumption mix - PJM Interconnection, LLC - BA","ironmaking, blast furnace","Electricity; at grid; consumption mix - PJM Interconnection, LLC - BA","coal extraction and processing - Central Appalachia, BIT, Underground",0.0771,0.193,0.046,0.039,0.874,0.86,0.03,0.5,0.01,0.507,0.12,9.9,1.3,0.01,0.027,0.15,0.1,0.071,0.074,1.093,0.26,0.124,0.6512,0.0,0.0,0.0011229014183679659,6.163712791332103e-05,5.637842428360627e-09,0.02326913333331433,nan,nan,nan,base
Electricity; at grid; consumption mix - Duke Energy Progress East - BA,"Electricity; at grid; consumption mix - PJM Interconnection, LLC - BA","steelmaking, electric arc furnace","Electricity; at grid; consumption mix - PJM Interconnection, LLC - BA","ironmaking, direct reduction, MIDREX","Electricity; at grid; consumption mix - PJM Interconnection, LLC - BA",natural gas extraction and processing - Appalachian,"Electricity; at grid; consumption mix - PJM Interconnection, LLC - BA","ironmaking, blast furnace","Electricity; at grid; consumption mix - PJM Interconnection, LLC - BA","coal extraction and processing - Central Appalachia, BIT, Underground",0.0771,0.193,0.046,0.039,0.874,0.86,0.03,0.5,0.01,0.507,0.12,9.9,1.3,0.01,0.027,0.15,0.1,0.071,0.074,1.093,0.26,0.124,0.6262,0.0,0.0,0.0010679501169563116,6.071775376786831e-05,5.720405546033698e-09,0.022979176162129474,nan,nan,nan,range
"Electricity; at grid; consumption mix - Midcontinent Independent System Operator, Inc. - BA","Electricity; at grid; consumption mix - PJM Interconnection, LLC - BA","steelmaking, electric arc furnace","Electricity; at grid; consumption mix - PJM Interconnection, LLC - BA","ironmaking, direct reduction, MIDREX","Electricity; at grid; consumption mix - PJM Interconnection, LLC - BA",natural gas extraction and processing - Appalachian,"Electricity; at grid; consumption mix - PJM Interconnection, LLC - BA","ironmaking, blast furnace","Electricity; at grid; consumption mix - PJM Interconnection, LLC - BA","coal extraction and processing - Central Appalachia, BIT, Underground",0.0771,0.193,0.046,0.039,0.874,0.86,0.03,0.5,0.01,0.507,0.12,9.9,1.3,0.01,0.027,0.15,0.1,0.071,0.074,1.093,0.26,0.124,0.6851,0.0,0.0,0.0012617113904765684,6.742709991060311e-05,7.169254401754493e-09,0.026262545600719892,nan,nan,nan,range
"Electricity; at grid; consumption mix - PJM Interconnection, LLC - BA",Electricity; at grid; consumption mix - Duke Energy Progress East - BA,"steelmaking, electric arc furnace","Electricity; at grid; consumption mix - PJM Interconnection, LLC - BA","ironmaking, direct reduction, MIDREX","Electricity; at grid; consumption mix - PJM Interconnection, LLC - BA",natural gas extraction and processing - Appalachian,"Electricity; at grid; consumption mix - PJM Interconnection, LLC - BA","ironmaking, blast furnace","Electricity; at grid; consumption mix - PJM Interconnection, LLC - BA","coal extraction and processing - Central Appalachia, BIT, Underground",0.0771,0.193,0.046,0.039,0.874,0.86,0.03,0.5,0.01,0.507,0.12,9.9,1.3,0.01,0.027,0.15,0.1,0.071,0.074,1.093,0.26,0.124,0.6457,0.0,0.0,0.0011109411394909236,6.143702398694476e-05,5.655812483426849e-09,0.02320602347893999,nan,nan,nan,range
"Electricity; at grid; consumption mix - PJM Interconnection, LLC - BA","Electricity; at grid; consumption mix - Midcontinent Independent System Operator, Inc. - BA","steelmaking, electric arc furnace","Electricity; at grid; consumption mix - PJM Interconnection, LLC - BA","ironmaking, direct reduction, MIDREX","Electricity; at grid; consumption mix - PJM Interconnection, LLC - BA",natural gas extraction and processing - Appalachian,"Electricity; at grid; consumption mix - PJM Interconnection, LLC - BA","ironmaking, blast furnace","Electricity; at grid; consumption mix - PJM Interconnection, LLC - BA","coal extraction and processing - Central Appalachia, BIT, Underground",0.0771,0.193,0.046,0.039,0.874,0.86,0.03,0.5,0.01,0.507,0.12,9.9,1.3,0.01,0.027,0.15,0.1,0.071,0.074,1.093,0.26,0.124,0.6586,0.0,0.0,0.0011531137324475977,6.289732881846417e-05,5.971157815019483e-09,0.023920656492773806,nan,nan,nan,range
"Electricity; at grid; consumption mix - PJM Interconnection, LLC - BA","Electricity; at grid; consumption mix - PJM Interconnection, LLC - BA","steelmaking, basic oxygen converter","Electricity; at grid; consumption mix - PJM Interconnection, LLC - BA","ironmaking, direct reduction, MIDREX","Electricity; at grid; consumption mix - PJM Interconnection, LLC - BA",natural gas extraction and processing - Appalachian,"Electricity; at grid; consumption mix - PJM Interconnection, LLC - BA","ironmaking, blast furnace","Electricity; at grid; consumption mix - PJM Interconnection, LLC - BA","coal extraction and processing - Central Appalachia, BIT, Underground",0.0771,0.193,0.046,0.039,0.874,0.86,0.03,0.5,0.01,0.507,0.12,9.9,1.3,0.01,0.027,0.15,0.1,0.071,0.074,1.093,0.26,0.124,2.3526,0.0,0.0,0.0013985617599744247,6.510725250281889e-05,5.482397899044889e-09,0.02441965686127884,nan,nan,nan,range
"Electricity; at grid; consumption mix - PJM Interconnection, LLC - BA","Electricity; at grid; consumption mix - PJM Interconnection, LLC - BA","steelmaking, electric arc furnace","Electricity; at grid; consumption mix - PJM Interconnection, LLC - BA","ironmaking, direct reduction, MIDREX","Electricity; at grid; consumption mix - PJM Interconnection, LLC - BA",natural gas extraction and processing - Appalachian,"Electricity; at grid; consumption mix - PJM Interconnection, LLC - BA","ironmaking, blast furnace","Electricity; at grid; consumption mix - PJM Interconnection, LLC - BA","coal extraction and processing - Central Appalachia, BIT, Underground",0.0771,0.193,0.046,0.039,0.874,0.86,0.03,0.5,0.01,0.507,0.12,9.9,1.3,0.01,0.027,0.15,0.1,0.071,0.074,1.093,0.26,0.124,0.6512,0.0,0.0,0.0011229014183679659,6.163712791332103e-05,5.637842428360627e-09,0.02326913333331433,nan,nan,nan,range
"Electricity; at grid; consumption mix - PJM Interconnection, LLC - BA","Electricity; at grid; consumption mix - PJM Interconnection, LLC - BA","steelmaking, electric arc furnace",Electricity; at grid; consumption mix - Duke Energy Progress East - BA,"ironmaking, direct reduction, MIDREX","Electricity; at grid; consumption mix - PJM Interconnection, LLC - BA",natural gas extraction and processing - Appalachian,"Electricity; at grid; consumption mix - PJM Interconnection, LLC - BA","ironmaking, blast furnace","Electricity; at grid; consumption mix - PJM Interconnection, LLC - BA","coal extraction and processing - Central Appalachia, BIT, Underground",0.0771,0.193,0.046,0.039,0.874,0.86,0.03,0.5,0.01,0.507,0.12,9.9,1.3,0.01,0.027,0.15,0.1,0.071,0.074,1.093,0.26,0.124,0.5814,0.0,0.0,0.0009695645096879329,5.90716929597793e-05,5.868227749722449e-09,0.022460032636207595,nan,nan,nan,range
"Electricity; at grid; consumption mix - PJM Interconnection, LLC - BA","Electricity; at grid; consumption mix - PJM Interconnection, LLC - BA","steelmaking, electric arc furnace","Electricity; at grid; consumption mix - Midcontinent Independent System Operator, Inc. - BA","ironmaking, direct reduction, MIDREX","Electricity; at grid; consumption mix - PJM Interconnection, LLC - BA",natural gas extraction and processing - Appalachian,"Electricity; at grid; consumption mix - PJM Interconnection, LLC - BA","ironmaking, blast furnace","Electricity; at grid; consumption mix - PJM Interconnection, LLC - BA","coal extraction and processing - Central Appalachia, BIT, Underground",0.0771,0.193,0.046,0.039,0.874,0.86,0.03,0.5,0.01,0.507,0.12,9.9,1.3,0.01,0.027,0.15,0.1,0.071,0.074,1.093,0.26,0.124,0.7457,0.0,0.0,0.0015102387783632388,7.779354977413064e-05,9.911116616294642e-09,0.031621994352025534,nan,nan,nan,range
"Electricity; at grid; consumption mix - PJM Interconnection, LLC - BA","Electricity; at grid; consumption mix - PJM Interconnection, LLC - BA","steelmaking, electric arc furnace","Electricity; at grid; consumption mix - PJM Interconnection, LLC - BA","ironmaking, blast furnace","Electricity; at grid; consumption mix - PJM Interconnection, LLC - BA",natural gas extraction and processing - Appalachian,"Electricity; at grid; consumption mix - PJM Interconnection, LLC - BA","ironmaking, blast furnace","Electricity; at grid; consumption mix - PJM Interconnection, LLC - BA","coal extraction and processing - Central Appalachia, BIT, Underground",0.0771,0.193,0.046,0.039,0.874,0.86,0.03,0.5,0.01,0.507,0.12,9.9,1.3,0.01,0.027,0.15,0.1,0.071,0.074,1.093,0.26,0.124,0.8296,0.0,0.0,0.0010709483686420092,5.473367369570152e-05,5.860508089481363e-09,0.020190378834201283,nan,nan,nan,range
"Electricity; at grid; consumption mix - PJM Interconnection, LLC - BA","Electricity; at grid; consumption mix - PJM Interconnection, LLC - BA","steelmaking, electric arc furnace","Electricity; at grid; consumption mix - PJM Interconnection, LLC - BA","ironmaking, direct reduction, MIDREX","Electricity; at grid; consumption mix - PJM Interconnection, LLC - BA",natural gas extraction and processing - Appalachian,"Electricity; at grid; consumption mix - PJM Interconnection, LLC - BA","ironmaking, blast furnace","Electricity; at grid; consumption mix - PJM Interconnection, LLC - BA","coal extraction and processing - Central Appalachia, BIT, Underground",0.0771,0.193,0.046,0.039,0.874,0.86,0.03,0.5,0.01,0.507,0.12,9.9,1.3,0.01,0.027,0.15,0.1,0.071,0.074,1.093,0.26,0.124,0.6512,0.0,0.0,0.0011229014183679659,6.163712791332103e-05,5.637842428360627e-09,0.02326913333331433,nan,nan,nan,range
"Electricity; at grid; consumption mix - PJM Interconnection, LLC - BA","Electricity; at grid; consumption mix - PJM Interconnection, LLC - BA","steelmaking, electric arc furnace","Electricity; at grid; consumption mix - PJM Interconnection, LLC - BA","ironmaking, direct reduction, MIDREX",Electricity; at grid; consumption mix - Duke Energy Progress East - BA,natural gas extraction and processing - Appalachian,"Electricity; at grid; consumption mix - PJM Interconnection, LLC - BA","ironmaking, blast furnace","Electricity; at grid; consumption mix - PJM Interconnection, LLC - BA","coal extraction and processing - Central Appalachia, BIT, Underground",0.0771,0.193,0.046,0.039,0.874,0.86,0.03,0.5,0.01,0.507,0.12,9.9,1.3,0.01,0.027,0.15,0.1,0.071,0.074,1.093,0.26,0.124,0.6488,0.0,0.0,0.0011175947346323677,6.154834334044882e-05,5.64581560356232e-09,0.023241131976388857,nan,nan,nan,range
"Electricity; at grid; consumption mix - PJM Interconnection, LLC - BA","Electricity; at grid; consumption mix - PJM Interconnection, LLC - BA","steelmaking, electric arc furnace","Electricity; at grid; consumption mix - PJM Interconnection, LLC - BA","ironmaking, direct reduction, MIDREX","Electricity; at grid; consumption mix - Midcontinent Independent System Operator, Inc. - BA",natural gas extraction and processing - Appalachian,"Electricity; at grid; consumption mix - PJM Interconnection, LLC - BA","ironmaking, blast furnace","Electricity; at grid; consumption mix - PJM Interconnection, LLC - BA","coal extraction and processing - Central Appalachia, BIT, Underground",0.0771,0.193,0.046,0.039,0.874,0.86,0.03,0.5,0.01,0.507,0.12,9.9,1.3,0.01,0.027,0.15,0.1,0.071,0.074,1.093,0.26,0.124,0.6545,0.0,0.0,0.0011363063897226828,6.219626936107992e-05,5.78573190145665e-09,0.023558209147449882,nan,nan,nan,range
"Electricity; at grid; consumption mix - PJM Interconnection, LLC - BA","Electricity; at grid; consumption mix - PJM Interconnection, LLC - BA","steelmaking, electric arc furnace","Electricity; at grid; consumption mix - PJM Interconnection, LLC - BA","ironmaking, direct reduction, MIDREX","Electricity; at grid; consumption mix - PJM Interconnection, LLC - BA",natural gas extraction and processing - Anadarko,"Electricity; at grid; consumption mix - PJM Interconnection, LLC - BA","ironmaking, blast furnace","Electricity; at grid; consumption mix - PJM Interconnection, LLC - BA","coal extraction and processing - Central Appalachia, BIT, Underground",0.0771,0.193,0.046,0.039,0.874,0.86,0.03,0.5,0.01,0.507,0.12,9.9,1.3,0.01,0.027,0.15,0.1,0.071,0.074,1.093,0.26,0.124,0.655,0.0,0.0,0.0011426863759439727,6.124763494929065e-05,5.637842428360627e-09,0.02385307345339199,nan,nan,nan,range
"Electricity; at grid; consumption mix - PJM Interconnection, LLC - BA","Electricity; at grid; consumption mix - PJM Interconnection, LLC - BA","steelmaking, electric arc furnace","Electricity; at grid; consumption mix - PJM Interconnection, LLC - BA","ironmaking, direct reduction, MIDREX","Electricity; at grid; consumption mix - PJM Interconnection, LLC - BA",natural gas extraction and processing - East Texas,"Electricity; at grid; consumption mix - PJM Interconnection, LLC - BA","ironmaking, blast furnace","Electricity; at grid; consumption mix - PJM Interconnection, LLC - BA","coal extraction and processing - Central Appalachia, BIT, Underground",0.0771,0.193,0.046,0.039,0.874,0.86,0.03,0.5,0.01,0.507,0.12,9.9,1.3,0.01,0.027,0.15,0.1,0.071,0.074,1.093,0.26,0.124,0.6521,0.0,0.0,0.001122224841584172,6.0024961783384014e-05,5.637842428360627e-09,0.023338373854342617,nan,nan,nan,range
"Electricity; at grid; consumption mix - PJM Interconnection, LLC - BA","Electricity; at grid; consumption mix - PJM Interconnection, LLC - BA","steelmaking, electric arc furnace","Electricity; at grid; consumption mix - PJM Interconnection, LLC - BA","ironmaking, direct reduction, MIDREX","Electricity; at grid; consumption mix - PJM Interconnection, LLC - BA",natural gas extraction and processing - Appalachian,Electricity; at grid; consumption mix - Duke Energy Progress East - BA,"ironmaking, blast furnace","Electricity; at grid; consumption mix - PJM Interconnection, LLC - BA","coal extraction and processing - Central Appalachia, BIT, Underground",0.0771,0.193,0.046,0.039,0.874,0.86,0.03,0.5,0.01,0.507,0.12,9.9,1.3,0.01,0.027,0.15,0.1,0.071,0.074,1.093,0.26,0.124,0.6512,0.0,0.0,0.0011229014183679659,6.163712791332103e-05,5.637842428360627e-09,0.02326913333331433,nan,nan,nan,range
"Electricity; at grid; consumption mix - PJM Interconnection, LLC - BA","Electricity; at grid; consumption mix - PJM Interconnection, LLC - BA","steelmaking, electric arc furnace","Electricity; at grid; consumption mix - PJM Interconnection, LLC - BA","ironmaking, direct reduction, MIDREX","Electricity; at grid; consumption mix - PJM Interconnection, LLC - BA",natural gas extraction and processing - Appalachian,"Electricity; at grid; consumption mix - Midcontinent Independent System Operator, Inc. - BA","ironmaking, blast furnace","Electricity; at grid; consumption mix - PJM Interconnection, LLC - BA","coal extraction and processing - Central Appalachia, BIT, Underground",0.0771,0.193,0.046,0.039,0.874,0.86,0.03,0.5,0.01,0.507,0.12,9.9,1.3,0.01,0.027,0.15,0.1,0.071,0.074,1.093,0.26,0.124,0.6512,0.0,0.0,0.0011229014183679659,6.163712791332103e-05,5.637842428360627e-09,0.02326913333331433,nan,nan,nan,range
"Electricity; at grid; consumption mix - PJM Interconnection, LLC - BA","Electricity; at grid; consumption mix - PJM Interconnection, LLC - BA","steelmaking, electric arc furnace","Electricity; at grid; consumption mix - PJM Interconnection, LLC - BA","ironmaking, direct reduction, MIDREX","Electricity; at grid; consumption mix - PJM Interconnection, LLC - BA",natural gas extraction and processing - Appalachian,"Electricity; at grid; consumption mix - PJM Interconnection, LLC - BA","ironmaking, blast furnace","Electricity; at grid; consumption mix - PJM Interconnection, LLC - BA","coal extraction and processing - Central Appalachia, BIT, Underground",0.0771,0.193,0.046,0.039,0.874,0.86,0.03,0.5,0.01,0.507,0.12,9.9,1.3,0.01,0.027,0.15,0.1,0.071,0.074,1.093,0.26,0.124,0.6512,0.0,0.0,0.0011229014183679659,6.163712791332103e-05,5.637842428360627e-09,0.02326913333331433,nan,nan,nan,range
"Electricity; at grid; consumption mix - PJM Interconnection, LLC - BA","Electricity; at grid; consumption mix - PJM Interconnection, LLC - BA","steelmaking, electric arc furnace","Electricity; at grid; consumption mix - PJM Interconnection, LLC - BA","ironmaking, direct reduction, MIDREX","Electricity; at grid; consumption mix - PJM Interconnection, LLC - BA",natural gas extraction and processing - Appalachian,"Electricity; at grid; consumption mix - PJM Interconnection, LLC - BA","ironmaking, blast furnace","Electricity; at grid; consumption mix - PJM Interconnection, LLC - BA","coal extraction and processing - Central Appalachia, BIT, Underground",0.0771,0.193,0.046,0.039,0.874,0.86,0.03,0.5,0.01,0.507,0.12,9.9,1.3,0.01,0.027,0.15,0.1,0.071,0.074,1.093,0.26,0.124,0.6512,0.0,0.0,0.0011229014183679659,6.163712791332103e-05,5.637842428360627e-09,0.02326913333331433,nan,nan,nan,range
"Electricity; at grid; consumption mix - PJM Interconnection, LLC - BA","Electricity; at grid; consumption mix - PJM Interconnection, LLC - BA","steelmaking, electric arc furnace","Electricity; at grid; consumption mix - PJM Interconnection, LLC - BA","ironmaking, direct reduction, MIDREX","Electricity; at grid; consumption mix - PJM Interconnection, LLC - BA",natural gas extraction and processing - Appalachian,"Electricity; at grid; consumption mix - PJM Interconnection, LLC - BA","ironmaking, blast furnace",Electricity; at grid; consumption mix - Duke Energy Progress East - BA,"coal extraction and processing - Central Appalachia, BIT, Underground",0.0771,0.193,0.046,0.039,0.874,0.86,0.03,0.5,0.01,0.507,0.12,9.9,1.3,0.01,0.027,0.15,0.1,0.071,0.074,1.093,0.26,0.124,0.6512,0.0,0.0,0.0011229014183679659,6.163712791332103e-05,5.637842428360627e-09,0.02326913333331433,nan,nan,nan,range
"Electricity; at grid; consumption mix - PJM Interconnection, LLC - BA","Electricity; at grid; consumption mix - PJM Interconnection, LLC - BA","steelmaking, electric arc furnace","Electricity; at grid; consumption mix - PJM Interconnection, LLC - BA","ironmaking, direct reduction, MIDREX","Electricity; at grid; consumption mix - PJM Interconnection, LLC - BA",natural gas extraction and processing - Appalachian,"Electricity; at grid; consumption mix - PJM Interconnection, LLC - BA","ironmaking, blast furnace","Electricity; at grid; consumption mix - Midcontinent Independent System Operator, Inc. - BA","coal extraction and processing - Central Appalachia, BIT, Underground",0.0771,0.193,0.046,0.039,0.874,0.86,0.03,0.5,0.01,0.507,0.12,9.9,1.3,0.01,0.027,0.15,0.1,0.071,0.074,1.093,0.26,0.124,0.6512,0.0,0.0,0.0011229014183679659,6.163712791332103e-05,5.637842428360627e-09,0.02326913333331433,nan,nan,nan,range
"Electricity; at grid; consumption mix - PJM Interconnection, LLC - BA","Electricity; at grid; consumption mix - PJM Interconnection, LLC - BA","steelmaking, electric arc furnace","Electricity; at grid; consumption mix - PJM Interconnection, LLC - BA","ironmaking, direct reduction, MIDREX","Electricity; at grid; consumption mix - PJM Interconnection, LLC - BA",natural gas extraction and processing - Appalachian,"Electricity; at grid; consumption mix - PJM Interconnection, LLC - BA","ironmaking, blast furnace","Electricity; at grid; consumption mix - PJM Interconnection, LLC - BA","coal extraction and processing - Central Interior, BIT, Underground",0.0771,0.193,0.046,0.039,0.874,0.86,0.03,0.5,0.01,0.507,0.12,9.9,1.3,0.01,0.027,0.15,0.1,0.071,0.074,1.093,0.26,0.124,0.6512,0.0,0.0,0.0011229014183679659,6.163712791332103e-05,5.637842428360627e-09,0.02326913333331433,nan,nan,nan,range
"Electricity; at grid; consumption mix - PJM Interconnection, LLC - BA","Electricity; at grid; consumption mix - PJM Interconnection, LLC - BA","steelmaking, electric arc furnace","Electricity; at grid; consumption mix - PJM Interconnection, LLC - BA","ironmaking, direct reduction, MIDREX","Electricity; at grid; consumption mix - PJM Interconnection, LLC - BA",natural gas extraction and processing - Appalachian,"Electricity; at grid; consumption mix - PJM Interconnection, LLC - BA","ironmaking, blast furnace","Electricity; at grid; consumption mix - PJM Interconnection, LLC - BA","coal extraction and processing - Illinois Basin, BIT, Underground",0.0771,0.193,0.046,0.039,0.874,0.86,0.03,0.5,0.01,0.507,0.12,9.9,1.3,0.01,0.027,0.15,0.1,0.071,0.074,1.093,0.26,0.124,0.6512,0.0,0.0,0.0011229014183679659,6.163712791332103e-05,5.637842428360627e-09,0.02326913333331433,nan,nan,nan,range
"Electricity; at grid; consumption mix - PJM Interconnection, LLC - BA","Electricity; at grid; consumption mix - PJM Interconnection, LLC - BA","steelmaking, electric arc furnace","Electricity; at grid; consumption mix - PJM Interconnection, LLC - BA","ironmaking, direct reduction, MIDREX","Electricity; at grid; consumption mix - PJM Interconnection, LLC - BA",natural gas extraction and processing - Appalachian,"Electricity; at grid; consumption mix - PJM Interconnection, LLC - BA","ironmaking, blast furnace","Electricity; at grid; consumption mix - PJM Interconnection, LLC - BA","coal extraction and processing - Central Appalachia, BIT, Underground",0.01,0.193,0.046,0.039,0.874,0.86,0.03,0.5,0.01,0.507,0.12,9.9,1.3,0.01,0.027,0.15,0.1,0.071,0.074,1.093,0.26,0.124,0.6199,0.0,0.0,0.0010662381498824708,5.844395596408791e-05,5.371869776880747e-09,0.02204459036793759,nan,nan,nan,range
"Electricity; at grid; consumption mix - PJM Interconnection, LLC - BA","Electricity; at grid; consumption mix - PJM Interconnection, LLC - BA","steelmaking, electric arc furnace","Electricity; at grid; consumption mix - PJM Interconnection, LLC - BA","ironmaking, direct reduction, MIDREX","Electricity; at grid; consumption mix - PJM Interconnection, LLC - BA",natural gas extraction and processing - Appalachian,"Electricity; at grid; consumption mix - PJM Interconnection, LLC - BA","ironmaking, blast furnace","Electricity; at grid; consumption mix - PJM Interconnection, LLC - BA","coal extraction and processing - Central Appalachia, BIT, Underground",0.08,0.193,0.046,0.039,0.874,0.86,0.03,0.5,0.01,0.507,0.12,9.9,1.3,0.01,0.027,0.15,0.1,0.071,0.074,1.093,0.26,0.124,0.6525,0.0,0.0,0.0011253503524753876,6.177513385449504e-05,5.649337520600447e-09,0.023322056948807512,nan,nan,nan,range
"Electricity; at grid; consumption mix - PJM Interconnection, LLC - BA","Electricity; at grid; consumption mix - PJM Interconnection, LLC - BA","steelmaking, electric arc furnace","Electricity; at grid; consumption mix - PJM Interconnection, LLC - BA","ironmaking, direct reduction, MIDREX","Electricity; at grid; consumption mix - PJM Interconnection, LLC - BA",natural gas extraction and processing - Appalachian,"Electricity; at grid; consumption mix - PJM Interconnection, LLC - BA","ironmaking, blast furnace","Electricity; at grid; consumption mix - PJM Interconnection, LLC - BA","coal extraction and processing - Central Appalachia, BIT, Underground",0.0771,0.154,0.046,0.039,0.874,0.86,0.03,0.5,0.01,0.507,0.12,9.9,1.3,0.01,0.027,0.15,0.1,0.071,0.074,1.093,0.26,0.124,0.6303,0.0,0.0,0.0010797925738791315,5.953965177129115e-05,5.361325028970136e-09,0.022539131624653836,nan,nan,nan,range
"Electricity; at grid; consumption mix - PJM Interconnection, LLC - BA","Electricity; at grid; consumption mix - PJM Interconnection, LLC - BA","steelmaking, electric arc furnace","Electricity; at grid; consumption mix - PJM Interconnection, LLC - BA","ironmaking, direct reduction, MIDREX","Electricity; at grid; consumption mix - PJM Interconnection, LLC - BA",natural gas extraction and processing - Appalachian,"Electricity; at grid; consumption mix - PJM Interconnection, LLC - BA","ironmaking, blast furnace","Electricity; at grid; consumption mix - PJM Interconnection, LLC - BA","coal extraction and processing - Central Appalachia, BIT, Underground",0.0771,0.232,0.046,0.039,0.874,0.86,0.03,0.5,0.01,0.507,0.12,9.9,1.3,0.01,0.027,0.15,0.1,0.071,0.074,1.093,0.26,0.124,0.672,0.0,0.0,0.001166010262856801,6.373460405535087e-05,5.914359827751119e-09,0.023999135041974828,nan,nan,nan,range
"Electricity; at grid; consumption mix - PJM Interconnection, LLC - BA","Electricity; at grid; consumption mix - PJM Interconnection, LLC - BA","steelmaking, electric arc furnace","Electricity; at grid; consumption mix - PJM Interconnection, LLC - BA","ironmaking, direct reduction, MIDREX","Electricity; at grid; consumption mix - PJM Interconnection, LLC - BA",natural gas extraction and processing - Appalachian,"Electricity; at grid; consumption mix - PJM Interconnection, LLC - BA","ironmaking, blast furnace","Electricity; at grid; consumption mix - PJM Interconnection, LLC - BA","coal extraction and processing - Central Appalachia, BIT, Underground",0.0771,0.193,0.06,0.039,0.874,0.86,0.03,0.5,0.01,0.507,0.12,9.9,1.3,0.01,0.027,0.15,0.1,0.071,0.074,1.093,0.26,0.124,0.6652,0.0,0.0,0.0011229014183679659,6.163712791332103e-05,5.637842428360627e-09,0.02326913333331433,nan,nan,nan,range
"Electricity; at grid; consumption mix - PJM Interconnection, LLC - BA","Electricity; at grid; consumption mix - PJM Interconnection, LLC - BA","steelmaking, electric arc furnace","Electricity; at grid; consumption mix - PJM Interconnection, LLC - BA","ironmaking, direct reduction, MIDREX","Electricity; at grid; consumption mix - PJM Interconnection, LLC - BA",natural gas extraction and processing - Appalachian,"Electricity; at grid; consumption mix - PJM Interconnection, LLC - BA","ironmaking, blast furnace","Electricity; at grid; consumption mix - PJM Interconnection, LLC - BA","coal extraction and processing - Central Appalachia, BIT, Underground",0.0771,0.193,0.04,0.039,0.874,0.86,0.03,0.5,0.01,0.507,0.12,9.9,1.3,0.01,0.027,0.15,0.1,0.071,0.074,1.093,0.26,0.124,0.6452,0.0,0.0,0.0011229014183679659,6.163712791332103e-05,5.637842428360627e-09,0.02326913333331433,nan,nan,nan,range
"Electricity; at grid; consumption mix - PJM Interconnection, LLC - BA","Electricity; at grid; consumption mix - PJM Interconnection, LLC - BA","steelmaking, electric arc furnace","Electricity; at grid; consumption mix - PJM Interconnection, LLC - BA","ironmaking, direct reduction, MIDREX","Electricity; at grid; consumption mix - PJM Interconnection, LLC - BA",natural gas extraction and processing - Appalachian,"Electricity; at grid; consumption mix - PJM Interconnection, LLC - BA","ironmaking, blast furnace","Electricity; at grid; consumption mix - PJM Interconnection, LLC - BA","coal extraction and processing - Central Appalachia, BIT, Underground",0.0771,0.193,0.046,0.044,0.874,0.86,0.03,0.5,0.01,0.507,0.12,9.9,1.3,0.01,0.027,0.15,0.1,0.071,0.074,1.093,0.26,0.124,0.6541,0.0,0.0,0.0011288543076498796,6.192676785595952e-05,5.6760266451405654e-09,0.023369939082083332,nan,nan,nan,range
"Electricity; at grid; consumption mix - PJM Interconnection, LLC - BA","Electricity; at grid; consumption mix - PJM Interconnection, LLC - BA","steelmaking, electric arc furnace","Electricity; at grid; consumption mix - PJM Interconnection, LLC - BA","ironmaking, direct reduction, MIDREX","Electricity; at grid; consumption mix - PJM Interconnection, LLC - BA",natural gas extraction and processing - Appalachian,"Electricity; at grid; consumption mix - PJM Interconnection, LLC - BA","ironmaking, blast furnace","Electricity; at grid; consumption mix - PJM Interconnection, LLC - BA","coal extraction and processing - Central Appalachia, BIT, Underground",0.0771,0.193,0.046,0.033,0.874,0.86,0.03,0.5,0.01,0.507,0.12,9.9,1.3,0.01,0.027,0.15,0.1,0.071,0.074,1.093,0.26,0.124,0.6477,0.0,0.0,0.0011157579512296703,6.128955998215482e-05,5.592021368224705e-09,0.023148166434791527,nan,nan,nan,range
"Electricity; at grid; consumption mix - PJM Interconnection, LLC - BA","Electricity; at grid; consumption mix - PJM Interconnection, LLC - BA","steelmaking, electric arc furnace","Electricity; at grid; consumption mix - PJM Interconnection, LLC - BA","ironmaking, direct reduction, MIDREX","Electricity; at grid; consumption mix - PJM Interconnection, LLC - BA",natural gas extraction and processing - Appalachian,"Electricity; at grid; consumption mix - PJM Interconnection, LLC - BA","ironmaking, blast furnace","Electricity; at grid; consumption mix - PJM Interconnection, LLC - BA","coal extraction and processing - Central Appalachia, BIT, Underground",0.0771,0.193,0.046,0.039,0.6992,0.86,0.03,0.5,0.01,0.507,0.12,9.9,1.3,0.01,0.027,0.15,0.1,0.071,0.074,1.093,0.26,0.124,0.6379,0.0,0.0,0.0011003639040456125,6.004622545749165e-05,5.637266646240056e-09,0.022492441511005115,nan,nan,nan,range
"Electricity; at grid; consumption mix - PJM Interconnection, LLC - BA","Electricity; at grid; consumption mix - PJM Interconnection, LLC - BA","steelmaking, electric arc furnace","Electricity; at grid; consumption mix - PJM Interconnection, LLC - BA","ironmaking, direct reduction, MIDREX","Electricity; at grid; consumption mix - PJM Interconnection, LLC - BA",natural gas extraction and processing - Appalachian,"Electricity; at grid; consumption mix - PJM Interconnection, LLC - BA","ironmaking, blast furnace","Electricity; at grid; consumption mix - PJM Interconnection, LLC - BA","coal extraction and processing - Central Appalachia, BIT, Underground",0.0771,0.193,0.046,0.039,1.0488,0.86,0.03,0.5,0.01,0.507,0.12,9.9,1.3,0.01,0.027,0.15,0.1,0.071,0.074,1.093,0.26,0.124,0.6645,0.0,0.0,0.0011454389326903194,6.322803036915038e-05,5.638418210481196e-09,0.024045825155623538,nan,nan,nan,range
"Electricity; at grid; consumption mix - PJM Interconnection, LLC - BA","Electricity; at grid; consumption mix - PJM Interconnection, LLC - BA","steelmaking, electric arc furnace","Electricity; at grid; consumption mix - PJM Interconnection, LLC - BA","ironmaking, direct reduction, MIDREX","Electricity; at grid; consumption mix - PJM Interconnection, LLC - BA",natural gas extraction and processing - Appalachian,"Electricity; at grid; consumption mix - PJM Interconnection, LLC - BA","ironmaking, blast furnace","Electricity; at grid; consumption mix - PJM Interconnection, LLC - BA","coal extraction and processing - Central Appalachia, BIT, Underground",0.0771,0.193,0.046,0.039,0.874,0.77,0.03,0.5,0.01,0.507,0.12,9.9,1.3,0.01,0.027,0.15,0.1,0.071,0.074,1.093,0.26,0.124,0.7247,0.0,0.0,0.0012226464060293945,6.94025927618958e-05,5.7344627842504395e-09,0.026423146013031574,nan,nan,nan,range
"Electricity; at grid; consumption mix - PJM Interconnection, LLC - BA","Electricity; at grid; consumption mix - PJM Interconnection, LLC - BA","steelmaking, electric arc furnace","Electricity; at grid; consumption mix - PJM Interconnection, LLC - BA","ironmaking, direct reduction, MIDREX","Electricity; at grid; consumption mix - PJM Interconnection, LLC - BA",natural gas extraction and processing - Appalachian,"Electricity; at grid; consumption mix - PJM Interconnection, LLC - BA","ironmaking, blast furnace","Electricity; at grid; consumption mix - PJM Interconnection, LLC - BA","coal extraction and processing - Central Appalachia, BIT, Underground",0.0771,0.193,0.046,0.039,0.874,0.92,0.03,0.5,0.01,0.507,0.12,9.9,1.3,0.01,0.027,0.15,0.1,0.071,0.074,1.093,0.26,0.124,0.6022,0.0,0.0,0.0010564047599270138,5.6460151347604505e-05,5.573428857767418e-09,0.021166458213502822,nan,nan,nan,range
"Electricity; at grid; consumption mix - PJM Interconnection, LLC - BA","Electricity; at grid; consumption mix - PJM Interconnection, LLC - BA","steelmaking, electric arc furnace","Electricity; at grid; consumption mix - PJM Interconnection, LLC - BA","ironmaking, direct reduction, MIDREX","Electricity; at grid; consumption mix - PJM Interconnection, LLC - BA",natural gas extraction and processing - Appalachian,"Electricity; at grid; consumption mix - PJM Interconnection, LLC - BA","ironmaking, blast furnace","Electricity; at grid; consumption mix - PJM Interconnection, LLC - BA","coal extraction and processing - Central Appalachia, BIT, Underground",0.0771,0.193,0.046,0.039,0.874,0.86,0.05,0.5,0.01,0.507,0.12,9.9,1.3,0.01,0.027,0.15,0.1,0.071,0.074,1.093,0.26,0.124,0.6534,0.0,0.0,0.0011259142119542877,6.187168348587774e-05,5.6407608425622605e-09,0.023364400167221647,nan,nan,nan,range
"Electricity; at grid; consumption mix - PJM Interconnection, LLC - BA","Electricity; at grid; consumption mix - PJM Interconnection, LLC - BA","steelmaking, electric arc furnace","Electricity; at grid; consumption mix - PJM Interconnection, LLC - BA","ironmaking, direct reduction, MIDREX","Electricity; at grid; consumption mix - PJM Interconnection, LLC - BA",natural gas extraction and processing - Appalachian,"Electricity; at grid; consumption mix - PJM Interconnection, LLC - BA","ironmaking, blast furnace","Electricity; at grid; consumption mix - PJM Interconnection, LLC - BA","coal extraction and processing - Central Appalachia, BIT, Underground",0.0771,0.193,0.046,0.039,0.874,0.86,0.01,0.5,0.01,0.507,0.12,9.9,1.3,0.01,0.027,0.15,0.1,0.071,0.074,1.093,0.26,0.124,0.649,0.0,0.0,0.001119888624781645,6.140257234076427e-05,5.634924014158992e-09,0.023173866499407007,nan,nan,nan,range
"Electricity; at grid; consumption mix - PJM Interconnection, LLC - BA","Electricity; at grid; consumption mix - PJM Interconnection, LLC - BA","steelmaking, electric arc furnace","Electricity; at grid; consumption mix - PJM Interconnection, LLC - BA","ironmaking, direct reduction, MIDREX","Electricity; at grid; consumption mix - PJM Interconnection, LLC - BA",natural gas extraction and processing - Appalachian,"Electricity; at grid; consumption mix - PJM Interconnection, LLC - BA","ironmaking, blast furnace","Electricity; at grid; consumption mix - PJM Interconnection, LLC - BA","coal extraction and processing - Central Appalachia, BIT, Underground",0.0771,0.193,0.046,0.039,0.874,0.86,0.03,0.35,0.01,0.507,0.12,9.9,1.3,0.01,0.027,0.15,0.1,0.071,0.074,1.093,0.26,0.124,0.5648,0.0,0.0,0.0009443147399105665,5.294792963416571e-05,4.492315924962554e-09,0.020244960870244244,nan,nan,nan,range
"Electricity; at grid; consumption mix - PJM Interconnection, LLC - BA","Electricity; at grid; consumption mix - PJM Interconnection, LLC - BA","steelmaking, electric arc furnace","Electricity; at grid; consumption mix - PJM Interconnection, LLC - BA","ironmaking, direct reduction, MIDREX","Electricity; at grid; consumption mix - PJM Interconnection, LLC - BA",natural gas extraction and processing - Appalachian,"Electricity; at grid; consumption mix - PJM Interconnection, LLC - BA","ironmaking, blast furnace","Electricity; at grid; consumption mix - PJM Interconnection, LLC - BA","coal extraction and processing - Central Appalachia, BIT, Underground",0.0771,0.193,0.046,0.039,0.874,0.86,0.03,0.7,0.01,0.507,0.12,9.9,1.3,0.01,0.027,0.15,0.1,0.071,0.074,1.093,0.26,0.124,0.7663,0.0,0.0,0.0013610169896444994,7.322272561886144e-05,7.165211099558062e-09,0.02730136328407443,nan,nan,nan,range
"Electricity; at grid; consumption mix - PJM Interconnection, LLC - BA","Electricity; at grid; consumption mix - PJM Interconnection, LLC - BA","steelmaking, electric arc furnace","Electricity; at grid; consumption mix - PJM Interconnection, LLC - BA","ironmaking, direct reduction, MIDREX","Electricity; at grid; consumption mix - PJM Interconnection, LLC - BA",natural gas extraction and processing - Appalachian,"Electricity; at grid; consumption mix - PJM Interconnection, LLC - BA","ironmaking, blast furnace","Electricity; at grid; consumption mix - PJM Interconnection, LLC - BA","coal extraction and processing - Central Appalachia, BIT, Underground",0.0771,0.193,0.046,0.039,0.874,0.86,0.03,0.5,0.0105,0.507,0.12,9.9,1.3,0.01,0.027,0.15,0.1,0.071,0.074,1.093,0.26,0.124,0.6517,0.0,0.0,0.0011229014183679659,6.163712791332103e-05,5.637842428360627e-09,0.02326913333331433,nan,nan,nan,range
"Electricity; at grid; consumption mix - PJM Interconnection, LLC - BA","Electricity; at grid; consumption mix - PJM Interconnection, LLC - BA","steelmaking, electric arc furnace","Electricity; at grid; consumption mix - PJM Interconnection, LLC - BA","ironmaking, direct reduction, MIDREX","Electricity; at grid; consumption mix - PJM Interconnection, LLC - BA",natural gas extraction and processing - Appalachian,"Electricity; at grid; consumption mix - PJM Interconnection, LLC - BA","ironmaking, blast furnace","Electricity; at grid; consumption mix - PJM Interconnection, LLC - BA","coal extraction and processing - Central Appalachia, BIT, Underground",0.0771,0.193,0.046,0.039,0.874,0.86,0.03,0.5,0.0095,0.507,0.12,9.9,1.3,0.01,0.027,0.15,0.1,0.071,0.074,1.093,0.26,0.124,0.6507,0.0,0.0,0.0011229014183679659,6.163712791332103e-05,5.637842428360627e-09,0.02326913333331433,nan,nan,nan,range
"Electricity; at grid; consumption mix - PJM Interconnection, LLC - BA","Electricity; at grid; consumption mix - PJM Interconnection, LLC - BA","steelmaking, electric arc furnace","Electricity; at grid; consumption mix - PJM Interconnection, LLC - BA","ironmaking, direct reduction, MIDREX","Electricity; at grid; consumption mix - PJM Interconnection, LLC - BA",natural gas extraction and processing - Appalachian,"Electricity; at grid; consumption mix - PJM Interconnection, LLC - BA","ironmaking, blast furnace","Electricity; at grid; consumption mix - PJM Interconnection, LLC - BA","coal extraction and processing - Central Appalachia, BIT, Underground",0.0771,0.193,0.046,0.039,0.874,0.86,0.03,0.5,0.01,0.532,0.12,9.9,1.3,0.01,0.027,0.15,0.1,0.071,0.074,1.093,0.26,0.124,0.6551,0.0,0.0,0.0011229014183679659,6.163712791332103e-05,5.637842428360627e-09,0.02326913333331433,nan,nan,nan,range
"Electricity; at grid; consumption mix - PJM Interconnection, LLC - BA","Electricity; at grid; consumption mix - PJM Interconnection, LLC - BA","steelmaking, electric arc furnace","Electricity; at grid; consumption mix - PJM Interconnection, LLC - BA","ironmaking, direct reduction, MIDREX","Electricity; at grid; consumption mix - PJM Interconnection, LLC - BA",natural gas extraction and processing - Appalachian,"Electricity; at grid; consumption mix - PJM Interconnection, LLC - BA","ironmaking, blast furnace","Electricity; at grid; consumption mix - PJM Interconnection, LLC - BA","coal extraction and processing - Central Appalachia, BIT, Underground",0.0771,0.193,0.046,0.039,0.874,0.86,0.03,0.5,0.01,0.482,0.12,9.9,1.3,0.01,0.027,0.15,0.1,0.071,0.074,1.093,0.26,0.124,0.6473,0.0,0.0,0.0011229014183679659,6.163712791332103e-05,5.637842428360627e-09,0.02326913333331433,nan,nan,nan,range
"Electricity; at grid; consumption mix - PJM Interconnection, LLC - BA","Electricity; at grid; consumption mix - PJM Interconnection, LLC - BA","steelmaking, electric arc furnace","Electricity; at grid; consumption mix - PJM Interconnection, LLC - BA","ironmaking, direct reduction, MIDREX","Electricity; at grid; consumption mix - PJM Interconnection, LLC - BA",natural gas extraction and processing - Appalachian,"Electricity; at grid; consumption mix - PJM Interconnection, LLC - BA","ironmaking, blast furnace","Electricity; at grid; consumption mix - PJM Interconnection, LLC - BA","coal extraction and processing - Central Appalachia, BIT, Underground",0.0771,0.193,0.046,0.039,0.874,0.86,0.03,0.5,0.01,0.507,0.126,9.9,1.3,0.01,0.027,0.15,0.1,0.071,0.074,1.093,0.26,0.124,0.6517,0.0,0.0,0.0011239315063293087,6.16872472089952e-05,5.644449825232227e-09,0.023286576760081314,nan,nan,nan,range
"Electricity; at grid; consumption mix - PJM Interconnection, LLC - BA","Electricity; at grid; consumption mix - PJM Interconnection, LLC - BA","steelmaking, electric arc furnace","Electricity; at grid; consumption mix - PJM Interconnection, LLC - BA","ironmaking, direct reduction, MIDREX","Electricity; at grid; consumption mix - PJM Interconnection, LLC - BA",natural gas extraction and processing - Appalachian,"Electricity; at grid; consumption mix - PJM Interconnection, LLC - BA","ironmaking, blast furnace","Electricity; at grid; consumption mix - PJM Interconnection, LLC - BA","coal extraction and processing - Central Appalachia, BIT, Underground",0.0771,0.193,0.046,0.039,0.874,0.86,0.03,0.5,0.01,0.507,0.114,9.9,1.3,0.01,0.027,0.15,0.1,0.071,0.074,1.093,0.26,0.124,0.6507,0.0,0.0,0.001121871330406624,6.158700861764683e-05,5.631235031489027e-09,0.023251689906547336,nan,nan,nan,range
"Electricity; at grid; consumption mix - PJM Interconnection, LLC - BA","Electricity; at grid; consumption mix - PJM Interconnection, LLC - BA","steelmaking, electric arc furnace","Electricity; at grid; consumption mix - PJM Interconnection, LLC - BA","ironmaking, direct reduction, MIDREX","Electricity; at grid; consumption mix - PJM Interconnection, LLC - BA",natural gas extraction and processing - Appalachian,"Electricity; at grid; consumption mix - PJM Interconnection, LLC - BA","ironmaking, blast furnace","Electricity; at grid; consumption mix - PJM Interconnection, LLC - BA","coal extraction and processing - Central Appalachia, BIT, Underground",0.0771,0.193,0.046,0.039,0.874,0.86,0.03,0.5,0.01,0.507,0.12,10.395,1.3,0.01,0.027,0.15,0.1,0.071,0.074,1.093,0.26,0.124,0.6523,0.0,0.0,0.001129517956211277,6.212590022914102e-05,5.637842428360627e-09,0.02349547317458453,nan,nan,nan,range
"Electricity; at grid; consumption mix - PJM Interconnection, LLC - BA","Electricity; at grid; consumption mix - PJM Interconnection, LLC - BA","steelmaking, electric arc furnace","Electricity; at grid; consumption mix - PJM Interconnection, LLC - BA","ironmaking, direct reduction, MIDREX","Electricity; at grid; consumption mix - PJM Interconnection, LLC - BA",natural gas extraction and processing - Appalachian,"Electricity; at grid; consumption mix - PJM Interconnection, LLC - BA","ironmaking, blast furnace","Electricity; at grid; consumption mix - PJM Interconnection, LLC - BA","coal extraction and processing - Central Appalachia, BIT, Underground",0.0771,0.193,0.046,0.039,0.874,0.86,0.03,0.5,0.01,0.507,0.12,9.405,1.3,0.01,0.027,0.15,0.1,0.071,0.074,1.093,0.26,0.124,0.6501,0.0,0.0,0.001116284880524655,6.114835559750102e-05,5.637842428360627e-09,0.02304279349204412,nan,nan,nan,range
"Electricity; at grid; consumption mix - PJM Interconnection, LLC - BA","Electricity; at grid; consumption mix - PJM Interconnection, LLC - BA","steelmaking, electric arc furnace","Electricity; at grid; consumption mix - PJM Interconnection, LLC - BA","ironmaking, direct reduction, MIDREX","Electricity; at grid; consumption mix - PJM Interconnection, LLC - BA",natural gas extraction and processing - Appalachian,"Electricity; at grid; consumption mix - PJM Interconnection, LLC - BA","ironmaking, blast furnace","Electricity; at grid; consumption mix - PJM Interconnection, LLC - BA","coal extraction and processing - Central Appalachia, BIT, Underground",0.0771,0.193,0.046,0.039,0.874,0.86,0.03,0.5,0.01,0.507,0.12,9.9,1.365,0.01,0.027,0.15,0.1,0.071,0.074,1.093,0.26,0.124,0.6513,0.0,0.0,0.0011229014183679659,6.163712791332103e-05,5.637842428360627e-09,0.02326913333331433,nan,nan,nan,range
"Electricity; at grid; consumption mix - PJM Interconnection, LLC - BA","Electricity; at grid; consumption mix - PJM Interconnection, LLC - BA","steelmaking, electric arc furnace","Electricity; at grid; consumption mix - PJM Interconnection, LLC - BA","ironmaking, direct reduction, MIDREX","Electricity; at grid; consumption mix - PJM Interconnection, LLC - BA",natural gas extraction and processing - Appalachian,"Electricity; at grid; consumption mix - PJM Interconnection, LLC - BA","ironmaking, blast furnace","Electricity; at grid; consumption mix - PJM Interconnection, LLC - BA","coal extraction and processing - Central Appalachia, BIT, Underground",0.0771,0.193,0.046,0.039,0.874,0.86,0.03,0.5,0.01,0.507,0.12,9.9,1.235,0.01,0.027,0.15,0.1,0.071,0.074,1.093,0.26,0.124,0.6511,0.0,0.0,0.0011229014183679659,6.163712791332103e-05,5.637842428360627e-09,0.02326913333331433,nan,nan,nan,range
"Electricity; at grid; consumption mix - PJM Interconnection, LLC - BA","Electricity; at grid; consumption mix - PJM Interconnection, LLC - BA","steelmaking, electric arc furnace","Electricity; at grid; consumption mix - PJM Interconnection, LLC - BA","ironmaking, direct reduction, MIDREX","Electricity; at grid; consumption mix - PJM Interconnection, LLC - BA",natural gas extraction and processing - Appalachian,"Electricity; at grid; consumption mix - PJM Interconnection, LLC - BA","ironmaking, blast furnace","Electricity; at grid; consumption mix - PJM Interconnection, LLC - BA","coal extraction and processing - Central Appalachia, BIT, Underground",0.0771,0.193,0.046,0.039,0.874,0.86,0.03,0.5,0.01,0.507,0.12,9.9,1.3,0.0105,0.027,0.15,0.1,0.071,0.074,1.093,0.26,0.124,0.6513,0.0,0.0,0.0011229014183679659,6.163712791332103e-05,5.637842428360627e-09,0.02326913333331433,nan,nan,nan,range
"Electricity; at grid; consumption mix - PJM Interconnection, LLC - BA","Electricity; at grid; consumption mix - PJM Interconnection, LLC - BA","steelmaking, electric arc furnace","Electricity; at grid; consumption mix - PJM Interconnection, LLC - BA","ironmaking, direct reduction, MIDREX","Electricity; at grid; consumption mix - PJM Interconnection, LLC - BA",natural gas extraction and processing - Appalachian,"Electricity; at grid; consumption mix - PJM Interconnection, LLC - BA","ironmaking, blast furnace","Electricity; at grid; consumption mix - PJM Interconnection, LLC - BA","coal extraction and processing - Central Appalachia, BIT, Underground",0.0771,0.193,0.046,0.039,0.874,0.86,0.03,0.5,0.01,0.507,0.12,9.9,1.3,0.0095,0.027,0.15,0.1,0.071,0.074,1.093,0.26,0.124,0.6511,0.0,0.0,0.0011229014183679659,6.163712791332103e-05,5.637842428360627e-09,0.02326913333331433,nan,nan,nan,range
"Electricity; at grid; consumption mix - PJM Interconnection, LLC - BA","Electricity; at grid; consumption mix - PJM Interconnection, LLC - BA","steelmaking, electric arc furnace","Electricity; at grid; consumption mix - PJM Interconnection, LLC - BA","ironmaking, direct reduction, MIDREX","Electricity; at grid; consumption mix - PJM Interconnection, LLC - BA",natural gas extraction and processing - Appalachian,"Electricity; at grid; consumption mix - PJM Interconnection, LLC - BA","ironmaking, blast furnace","Electricity; at grid; consumption mix - PJM Interconnection, LLC - BA","coal extraction and processing - Central Appalachia, BIT, Underground",0.0771,0.193,0.046,0.039,0.874,0.86,0.03,0.5,0.01,0.507,0.12,9.9,1.3,0.01,0.017,0.15,0.1,0.071,0.074,1.093,0.26,0.124,0.6512,0.0,0.0,0.0011229014183679659,6.163712791332103e-05,5.637842428360627e-09,0.02326913333331433,nan,nan,nan,range
"Electricity; at grid; consumption mix - PJM Interconnection, LLC - BA","Electricity; at grid; consumption mix - PJM Interconnection, LLC - BA","steelmaking, electric arc furnace","Electricity; at grid; consumption mix - PJM Interconnection, LLC - BA","ironmaking, direct reduction, MIDREX","Electricity; at grid; consumption mix - PJM Interconnection, LLC - BA",natural gas extraction and processing - Appalachian,"Electricity; at grid; consumption mix - PJM Interconnection, LLC - BA","ironmaking, blast furnace","Electricity; at grid; consumption mix - PJM Interconnection, LLC - BA","coal extraction and processing - Central Appalachia, BIT, Underground",0.0771,0.193,0.046,0.039,0.874,0.86,0.03,0.5,0.01,0.507,0.12,9.9,1.3,0.01,0.054,0.15,0.1,0.071,0.074,1.093,0.26,0.124,0.6512,0.0,0.0,0.0011229014183679659,6.163712791332103e-05,5.637842428360627e-09,0.02326913333331433,nan,nan,nan,range
"Electricity; at grid; consumption mix - PJM Interconnection, LLC - BA","Electricity; at grid; consumption mix - PJM Interconnection, LLC - BA","steelmaking, electric arc furnace","Electricity; at grid; consumption mix - PJM Interconnection, LLC - BA","ironmaking, direct reduction, MIDREX","Electricity; at grid; consumption mix - PJM Interconnection, LLC - BA",natural gas extraction and processing - Appalachian,"Electricity; at grid; consumption mix - PJM Interconnection, LLC - BA","ironmaking, blast furnace","Electricity; at grid; consumption mix - PJM Interconnection, LLC - BA","coal extraction and processing - Central Appalachia, BIT, Underground",0.0771,0.193,0.046,0.039,0.874,0.86,0.03,0.5,0.01,0.507,0.12,9.9,1.3,0.01,0.027,0.0,0.1,0.071,0.074,1.093,0.26,0.124,0.6512,0.0,0.0,0.0011229014183679659,6.163712791332103e-05,5.637842428360627e-09,0.02326913333331433,nan,nan,nan,range
"Electricity; at grid; consumption mix - PJM Interconnection, LLC - BA","Electricity; at grid; consumption mix - PJM Interconnection, LLC - BA","steelmaking, electric arc furnace","Electricity; at grid; consumption mix - PJM Interconnection, LLC - BA","ironmaking, direct reduction, MIDREX","Electricity; at grid; consumption mix - PJM Interconnection, LLC - BA",natural gas extraction and processing - Appalachian,"Electricity; at grid; consumption mix - PJM Interconnection, LLC - BA","ironmaking, blast furnace","Electricity; at grid; consumption mix - PJM Interconnection, LLC - BA","coal extraction and processing - Central Appalachia, BIT, Underground",0.0771,0.193,0.046,0.039,0.874,0.86,0.03,0.5,0.01,0.507,0.12,9.9,1.3,0.01,0.027,0.3,0.1,0.071,0.074,1.093,0.26,0.124,0.6512,0.0,0.0,0.0011229014183679659,6.163712791332103e-05,5.637842428360627e-09,0.02326913333331433,nan,nan,nan,range
"Electricity; at grid; consumption mix - PJM Interconnection, LLC - BA","Electricity; at grid; consumption mix - PJM Interconnection, LLC - BA","steelmaking, electric arc furnace","Electricity; at grid; consumption mix - PJM Interconnection, LLC - BA","ironmaking, direct reduction, MIDREX","Electricity; at grid; consumption mix - PJM Interconnection, LLC - BA",natural gas extraction and processing - Appalachian,"Electricity; at grid; consumption mix - PJM Interconnection, LLC - BA","ironmaking, blast furnace","Electricity; at grid; consumption mix - PJM Interconnection, LLC - BA","coal extraction and processing - Central Appalachia, BIT, Underground",0.0771,0.193,0.046,0.039,0.874,0.86,0.03,0.5,0.01,0.507,0.12,9.9,1.3,0.01,0.027,0.15,0.15,0.071,0.074,1.093,0.26,0.124,0.6512,0.0,0.0,0.0011229014183679659,6.163712791332103e-05,5.637842428360627e-09,0.02326913333331433,nan,nan,nan,range
"Electricity; at grid; consumption mix - PJM Interconnection, LLC - BA","Electricity; at grid; consumption mix - PJM Interconnection, LLC - BA","steelmaking, electric arc furnace","Electricity; at grid; consumption mix - PJM Interconnection, LLC - BA","ironmaking, direct reduction, MIDREX","Electricity; at grid; consumption mix - PJM Interconnection, LLC - BA",natural gas extraction and processing - Appalachian,"Electricity; at grid; consumption mix - PJM Interconnection, LLC - BA","ironmaking, blast furnace","Electricity; at grid; consumption mix - PJM Interconnection, LLC - BA","coal extraction and processing - Central Appalachia, BIT, Underground",0.0771,0.193,0.046,0.039,0.874,0.86,0.03,0.5,0.01,0.507,0.12,9.9,1.3,0.01,0.027,0.15,0.05,0.071,0.074,1.093,0.26,0.124,0.6512,0.0,0.0,0.0011229014183679659,6.163712791332103e-05,5.637842428360627e-09,0.02326913333331433,nan,nan,nan,range
"Electricity; at grid; consumption mix - PJM Interconnection, LLC - BA","Electricity; at grid; consumption mix - PJM Interconnection, LLC - BA","steelmaking, electric arc furnace","Electricity; at grid; consumption mix - PJM Interconnection, LLC - BA","ironmaking, direct reduction, MIDREX","Electricity; at grid; consumption mix - PJM Interconnection, LLC - BA",natural gas extraction and processing - Appalachian,"Electricity; at grid; consumption mix - PJM Interconnection, LLC - BA","ironmaking, blast furnace","Electricity; at grid; consumption mix - PJM Interconnection, LLC - BA","coal extraction and processing - Central Appalachia, BIT, Underground",0.0771,0.193,0.046,0.039,0.874,0.86,0.03,0.5,0.01,0.507,0.12,9.9,1.3,0.01,0.027,0.15,0.1,0.024,0.074,1.093,0.26,0.124,0.6512,0.0,0.0,0.0011229014183679659,6.163712791332103e-05,5.637842428360627e-09,0.02326913333331433,nan,nan,nan,range
"Electricity; at grid; consumption mix - PJM Interconnection, LLC - BA","Electricity; at grid; consumption mix - PJM Interconnection, LLC - BA","steelmaking, electric arc furnace","Electricity; at grid; consumption mix - PJM Interconnection, LLC - BA","ironmaking, direct reduction, MIDREX","Electricity; at grid; consumption mix - PJM Interconnection, LLC - BA",natural gas extraction and processing - Appalachian,"Electricity; at grid; consumption mix - PJM Interconnection, LLC - BA","ironmaking, blast furnace","Electricity; at grid; consumption mix - PJM Interconnection, LLC - BA","coal extraction and processing - Central Appalachia, BIT, Underground",0.0771,0.193,0.046,0.039,0.874,0.86,0.03,0.5,0.01,0.507,0.12,9.9,1.3,0.01,0.027,0.15,0.1,0.118,0.074,1.093,0.26,0.124,0.6512,0.0,0.0,0.0011229014183679659,6.163712791332103e-05,5.637842428360627e-09,0.02326913333331433,nan,nan,nan,range
"Electricity; at grid; consumption mix - PJM Interconnection, LLC - BA","Electricity; at grid; consumption mix - PJM Interconnection, LLC - BA","steelmaking, electric arc furnace","Electricity; at grid; consumption mix - PJM Interconnection, LLC - BA","ironmaking, direct reduction, MIDREX","Electricity; at grid; consumption mix - PJM Interconnection, LLC - BA",natural gas extraction and processing - Appalachian,"Electricity; at grid; consumption mix - PJM Interconnection, LLC - BA","ironmaking, blast furnace","Electricity; at grid; consumption mix - PJM Interconnection, LLC - BA","coal extraction and processing - Central Appalachia, BIT, Underground",0.0771,0.193,0.046,0.039,0.874,0.86,0.03,0.5,0.01,0.507,0.12,9.9,1.3,0.01,0.027,0.15,0.1,0.071,0.029,1.093,0.26,0.124,0.6512,0.0,0.0,0.0011229014183679659,6.163712791332103e-05,5.637842428360627e-09,0.02326913333331433,nan,nan,nan,range
"Electricity; at grid; consumption mix - PJM Interconnection, LLC - BA","Electricity; at grid; consumption mix - PJM Interconnection, LLC - BA","steelmaking, electric arc furnace","Electricity; at grid; consumption mix - PJM Interconnection, LLC - BA","ironmaking, direct reduction, MIDREX","Electricity; at grid; consumption mix - PJM Interconnection, LLC - BA",natural gas extraction and processing - Appalachian,"Electricity; at grid; consumption mix - PJM Interconnection, LLC - BA","ironmaking, blast furnace","Electricity; at grid; consumption mix - PJM Interconnection, LLC - BA","coal extraction and processing - Central Appalachia, BIT, Underground",0.0771,0.193,0.046,0.039,0.874,0.86,0.03,0.5,0.01,0.507,0.12,9.9,1.3,0.01,0.027,0.15,0.1,0.071,0.119,1.093,0.26,0.124,0.6512,0.0,0.0,0.0011229014183679659,6.163712791332103e-05,5.637842428360627e-09,0.02326913333331433,nan,nan,nan,range
"Electricity; at grid; consumption mix - PJM Interconnection, LLC - BA","Electricity; at grid; consumption mix - PJM Interconnection, LLC - BA","steelmaking, electric arc furnace","Electricity; at grid; consumption mix - PJM Interconnection, LLC - BA","ironmaking, direct reduction, MIDREX","Electricity; at grid; consumption mix - PJM Interconnection, LLC - BA",natural gas extraction and processing - Appalachian,"Electricity; at grid; consumption mix - PJM Interconnection, LLC - BA","ironmaking, blast furnace","Electricity; at grid; consumption mix - PJM Interconnection, LLC - BA","coal extraction and processing - Central Appalachia, BIT, Underground",0.0771,0.193,0.046,0.039,0.874,0.86,0.03,0.5,0.01,0.507,0.12,9.9,1.3,0.01,0.027,0.15,0.1,0.071,0.074,0.741,0.26,0.124,0.6512,0.0,0.0,0.0011229014183679659,6.163712791332103e-05,5.637842428360627e-09,0.02326913333331433,nan,nan,nan,range
"Electricity; at grid; consumption mix - PJM Interconnection, LLC - BA","Electricity; at grid; consumption mix - PJM Interconnection, LLC - BA","steelmaking, electric arc furnace","Electricity; at grid; consumption mix - PJM Interconnection, LLC - BA","ironmaking, direct reduction, MIDREX","Electricity; at grid; consumption mix - PJM Interconnection, LLC - BA",natural gas extraction and processing - Appalachian,"Electricity; at grid; consumption mix - PJM Interconnection, LLC - BA","ironmaking, blast furnace","Electricity; at grid; consumption mix - PJM Interconnection, LLC - BA","coal extraction and processing - Central Appalachia, BIT, Underground",0.0771,0.193,0.046,0.039,0.874,0.86,0.03,0.5,0.01,0.507,0.12,9.9,1.3,0.01,0.027,0.15,0.1,0.071,0.074,1.493,0.26,0.124,0.6512,0.0,0.0,0.0011229014183679659,6.163712791332103e-05,5.637842428360627e-09,0.02326913333331433,nan,nan,nan,range
"Electricity; at grid; consumption mix - PJM Interconnection, LLC - BA","Electricity; at grid; consumption mix - PJM Interconnection, LLC - BA","steelmaking, electric arc furnace","Electricity; at grid; consumption mix - PJM Interconnection, LLC - BA","ironmaking, direct reduction, MIDREX","Electricity; at grid; consumption mix - PJM Interconnection, LLC - BA",natural gas extraction and processing - Appalachian,"Electricity; at grid; consumption mix - PJM Interconnection, LLC - BA","ironmaking, blast furnace","Electricity; at grid; consumption mix - PJM Interconnection, LLC - BA","coal extraction and processing - Central Appalachia, BIT, Underground",0.0771,0.193,0.046,0.039,0.874,0.86,0.03,0.5,0.01,0.507,0.12,9.9,1.3,0.01,0.027,0.15,0.1,0.071,0.074,1.093,0.22,0.124,0.6512,0.0,0.0,0.0011229014183679659,6.163712791332103e-05,5.637842428360627e-09,0.02326913333331433,nan,nan,nan,range
"Electricity; at grid; consumption mix - PJM Interconnection, LLC - BA","Electricity; at grid; consumption mix - PJM Interconnection, LLC - BA","steelmaking, electric arc furnace","Electricity; at grid; consumption mix - PJM Interconnection, LLC - BA","ironmaking, direct reduction, MIDREX","Electricity; at grid; consumption mix - PJM Interconnection, LLC - BA",natural gas extraction and processing - Appalachian,"Electricity; at grid; consumption mix - PJM Interconnection, LLC - BA","ironmaking, blast furnace","Electricity; at grid; consumption mix - PJM Interconnection, LLC - BA","coal extraction and processing - Central Appalachia, BIT, Underground",0.0771,0.193,0.046,0.039,0.874,0.86,0.03,0.5,0.01,0.507,0.12,9.9,1.3,0.01,0.027,0.15,0.1,0.071,0.074,1.093,0.562,0.124,0.6512,0.0,0.0,0.0011229014183679659,6.163712791332103e-05,5.637842428360627e-09,0.02326913333331433,nan,nan,nan,range
"Electricity; at grid; consumption mix - PJM Interconnection, LLC - BA","Electricity; at grid; consumption mix - PJM Interconnection, LLC - BA","steelmaking, electric arc furnace","Electricity; at grid; consumption mix - PJM Interconnection, LLC - BA","ironmaking, direct reduction, MIDREX","Electricity; at grid; consumption mix - PJM Interconnection, LLC - BA",natural gas extraction and processing - Appalachian,"Electricity; at grid; consumption mix - PJM Interconnection, LLC - BA","ironmaking, blast furnace","Electricity; at grid; consumption mix - PJM Interconnection, LLC - BA","coal extraction and processing - Central Appalachia, BIT, Underground",0.0771,0.193,0.046,0.039,0.874,0.86,0.03,0.5,0.01,0.507,0.12,9.9,1.3,0.01,0.027,0.15,0.1,0.071,0.074,1.093,0.26,0.089,0.6512,0.0,0.0,0.0011229014183679659,6.163712791332103e-05,5.637842428360627e-09,0.02326913333331433,nan,nan,nan,range
"Electricity; at grid; consumption mix - PJM Interconnection, LLC - BA","Electricity; at grid; consumption mix - PJM Interconnection, LLC - BA","steelmaking, electric arc furnace","Electricity; at grid; consumption mix - PJM Interconnection, LLC - BA","ironmaking, direct reduction, MIDREX","Electricity; at grid; consumption mix - PJM Interconnection, LLC - BA",natural gas extraction and processing - Appalachian,"Electricity; at grid; consumption mix - PJM Interconnection, LLC - BA","ironmaking, blast furnace","Electricity; at grid; consumption mix - PJM Interconnection, LLC - BA","coal extraction and processing - Central Appalachia, BIT, Underground",0.0771,0.193,0.046,0.039,0.874,0.86,0.03,0.5,0.01,0.507,0.12,9.9,1.3,0.01,0.027,0.15,0.1,0.071,0.074,1.093,0.26,0.16,0.6512,0.0,0.0,0.0011229014183679659,6.163712791332103e-05,5.637842428360627e-09,0.02326913333331433,nan,nan,nan,range
Electricity; at grid; consumption mix - California Independent System Operator - BA,Electricity; at grid; consumption mix - ISO-NE - BA,"steelmaking, electric arc furnace",Electricity; at grid; consumption mix - Southwest Power Pool - BA,"ironmaking, blast furnace","Electricity; at grid; consumption mix - Midcontinent Independent System Operator, Inc. - BA",natural gas extraction and processing - Green River,Electricity; at grid; consumption mix - Southwest Power Pool - BA,"ironmaking, blast furnace","Electricity; at grid; consumption mix - PJM Interconnection, LLC - BA","coal extraction and processing - Central Appalachia, BIT, Underground",0.056997232549907566,0.2157691339924773,0.05640361016599817,0.0406328404494413,0.9971884170543112,0.8571056289896143,0.016504815490702627,0.674509541394862,0.010154400280323035,0.5070374440472166,0.12144820929371015,9.514574297930398,1.3054537818780656,0.010162079964644867,0.035009381411418794,0.16244970827034286,0.12468884924349065,0.07406738223681023,0.0641788806845603,1.061518832537898,0.340559199214304,0.1183198823438148,1.015,0.0,0.0,0.0015441555737528115,7.976345100129417e-05,1.152629332853186e-08,0.032208467805377554,nan,nan,nan,mca
