elec_steel_fab,elec_steel_rolling,steel_plate,steel_slab,elec_EAF,iron_forEAF,elec_DRI,natgas_DRI,elec_BOF,iron_forBOF,elec,coal,"fabrication, plate.wf","fabrication, plate.elec","fabrication, plate.trans_co2","rolling, slab.elec","rolling, slab.heat","steelmaking, electric arc furnace.scrap_pct","steelmaking, electric arc furnace.wf","steelmaking, electric arc furnace.kWh_EAF","steelmaking, electric arc furnace.trans_co2","ironmaking, direct reduction, MIDREX.co2_kg","ironmaking, direct reduction, MIDREX.elec","ironmaking, direct reduction, MIDREX.ng_mj","ironmaking, direct reduction, MIDREX.ore_kg","ironmaking, direct reduction, MIDREX.trans_co2","steelmaking, basic oxygen converter.elec","steelmaking, basic oxygen converter.scrap_pct","steelmaking, basic oxygen converter.wf","steelmaking, basic oxygen converter.co2_kg","ironmaking, blast furnace.elec","ironmaking, blast furnace.co2_kg",coking.co2_kg,sintering.co2_kg,zinc production.co2_kg,gwp,gwp_be,gep_bu,ap,ep,odp,pocp,gwp_AR5,gwp_EF2,gwp_CML,sim_type
"Electricity; at grid; consumption mix - PJM Interconnection, LLC - BA","Electricity; at grid; consumption mix - PJM Interconnection, LLC - BA","rolling, slab","steelmaking, electric arc furnace","Electricity; at grid; consumption mix - PJM Interconnection, LLC - BA","ironmaking, blast furnace","Electricity; at grid; consumption mix - PJM Interconnection, LLC - BA",natural gas extraction and processing - Appalachian,"Electricity; at grid; consumption mix - PJM Interconnection, LLC - BA","ironmaking, blast furnace","Electricity; at grid; consumption mix - PJM Interconnection, LLC - BA","coal extraction and processing - Central Appalachia, BIT, Underground",0.0771,0.193,0.046,0.4,0.874,0.61,0.03,0.5,0.01,0.507,0.12,9.9,1.3,0.01,0.027,0.15,0.1,0.071,0.074,1.093,0.124,0.26,1.72,1.8329,0.0,0.0,0.002190907054232699,0.00013869917415568076,1.543353440148164e-08,0.042313509551230165,1.8635,1.9614,1.8649,base
Electricity; at grid; consumption mix - Duke Energy Progress East - BA,"Electricity; at grid; consumption mix - PJM Interconnection, LLC - BA","rolling, slab","steelmaking, electric arc furnace","Electricity; at grid; consumption mix - PJM Interconnection, LLC - BA","ironmaking, blast furnace","Electricity; at grid; consumption mix - PJM Interconnection, LLC - BA",natural gas extraction and processing - Appalachian,"Electricity; at grid; consumption mix - PJM Interconnection, LLC - BA","ironmaking, blast furnace","Electricity; at grid; consumption mix - PJM Interconnection, LLC - BA","coal extraction and processing - Central Appalachia, BIT, Underground",0.0771,0.193,0.046,0.4,0.874,0.61,0.03,0.5,0.01,0.507,0.12,9.9,1.3,0.01,0.027,0.15,0.1,0.071,0.074,1.093,0.124,0.26,1.72,1.8079,0.0,0.0,0.0021359557528210444,0.00013777980001022808,1.551609751915471e-08,0.04202355238004531,1.8383,1.9358,1.8398,range
"Electricity; at grid; consumption mix - Midcontinent Independent System Operator, Inc. - BA","Electricity; at grid; consumption mix - PJM Interconnection, LLC - BA","rolling, slab","steelmaking, electric arc furnace","Electricity; at grid; consumption mix - PJM Interconnection, LLC - BA","ironmaking, blast furnace","Electricity; at grid; consumption mix - PJM Interconnection, LLC - BA",natural gas extraction and processing - Appalachian,"Electricity; at grid; consumption mix - PJM Interconnection, LLC - BA","ironmaking, blast furnace","Electricity; at grid; consumption mix - PJM Interconnection, LLC - BA","coal extraction and processing - Central Appalachia, BIT, Underground",0.0771,0.193,0.046,0.4,0.874,0.61,0.03,0.5,0.01,0.507,0.12,9.9,1.3,0.01,0.027,0.15,0.1,0.071,0.074,1.093,0.124,0.26,1.72,1.8668,0.0,0.0,0.002329717026341301,0.00014448914615296284,1.6964946374875507e-08,0.04530692181863572,1.8972,1.9943,1.8985,range
"Electricity; at grid; consumption mix - PJM Interconnection, LLC - BA",Electricity; at grid; consumption mix - Duke Energy Progress East - BA,"rolling, slab","steelmaking, electric arc furnace","Electricity; at grid; consumption mix - PJM Interconnection, LLC - BA","ironmaking, blast furnace","Electricity; at grid; consumption mix - PJM Interconnection, LLC - BA",natural gas extraction and processing - Appalachian,"Electricity; at grid; consumption mix - PJM Interconnection, LLC - BA","ironmaking, blast furnace","Electricity; at grid; consumption mix - PJM Interconnection, LLC - BA","coal extraction and processing - Central Appalachia, BIT, Underground",0.0771,0.193,0.046,0.4,0.874,0.61,0.03,0.5,0.01,0.507,0.12,9.9,1.3,0.01,0.027,0.15,0.1,0.071,0.074,1.093,0.124,0.26,1.72,1.7756,0.0,0.0,0.0020651707891150718,0.00013659551749377655,1.5622450364998336e-08,0.04165004697960265,1.8059,1.9027,1.8073,range
"Electricity; at grid; consumption mix - PJM Interconnection, LLC - BA","Electricity; at grid; consumption mix - Midcontinent Independent System Operator, Inc. - BA","rolling, slab","steelmaking, electric arc furnace","Electricity; at grid; consumption mix - PJM Interconnection, LLC - BA","ironmaking, blast furnace","Electricity; at grid; consumption mix - PJM Interconnection, LLC - BA",natural gas extraction and processing - Appalachian,"Electricity; at grid; consumption mix - PJM Interconnection, LLC - BA","ironmaking, blast furnace","Electricity; at grid; consumption mix - PJM Interconnection, LLC - BA","coal extraction and processing - Central Appalachia, BIT, Underground",0.0771,0.193,0.046,0.4,0.874,0.61,0.03,0.5,0.01,0.507,0.12,9.9,1.3,0.01,0.027,0.15,0.1,0.071,0.074,1.093,0.124,0.26,1.72,1.9104,0.0,0.0,0.002508523689428823,0.0001519474400815447,1.8937619235587535e-08,0.0491628555865734,1.9407,2.0367,1.9418,range
"Electricity; at grid; consumption mix - PJM Interconnection, LLC - BA","Electricity; at grid; consumption mix - PJM Interconnection, LLC - BA","rolling, slab","steelmaking, electric arc furnace","Electricity; at grid; consumption mix - PJM Interconnection, LLC - BA","ironmaking, blast furnace","Electricity; at grid; consumption mix - PJM Interconnection, LLC - BA",natural gas extraction and processing - Appalachian,"Electricity; at grid; consumption mix - PJM Interconnection, LLC - BA","ironmaking, blast furnace","Electricity; at grid; consumption mix - PJM Interconnection, LLC - BA","coal extraction and processing - Central Appalachia, BIT, Underground",0.0771,0.193,0.046,0.4,0.874,0.61,0.03,0.5,0.01,0.507,0.12,9.9,1.3,0.01,0.027,0.15,0.1,0.071,0.074,1.093,0.124,0.26,1.72,1.8329,0.0,0.0,0.002190907054232699,0.00013869917415568076,1.543353440148164e-08,0.042313509551230165,1.8635,1.9614,1.8649,range
"Electricity; at grid; consumption mix - PJM Interconnection, LLC - BA","Electricity; at grid; consumption mix - PJM Interconnection, LLC - BA","steel, crude","steelmaking, electric arc furnace","Electricity; at grid; consumption mix - PJM Interconnection, LLC - BA","ironmaking, blast furnace","Electricity; at grid; consumption mix - PJM Interconnection, LLC - BA",natural gas extraction and processing - Appalachian,"Electricity; at grid; consumption mix - PJM Interconnection, LLC - BA","ironmaking, blast furnace","Electricity; at grid; consumption mix - PJM Interconnection, LLC - BA","coal extraction and processing - Central Appalachia, BIT, Underground",0.0771,0.193,0.046,0.4,0.874,0.61,0.03,0.5,0.01,0.507,0.12,9.9,1.3,0.01,0.027,0.15,0.1,0.071,0.074,1.093,0.124,0.26,1.72,2.2747,0.0,0.0,0.00022523929103421416,1.095909771634795e-05,1.444775051056412e-09,0.003814184055780968,2.2755,2.2781,2.2755,range
"Electricity; at grid; consumption mix - PJM Interconnection, LLC - BA","Electricity; at grid; consumption mix - PJM Interconnection, LLC - BA","rolling, slab","steelmaking, basic oxygen converter","Electricity; at grid; consumption mix - PJM Interconnection, LLC - BA","ironmaking, blast furnace","Electricity; at grid; consumption mix - PJM Interconnection, LLC - BA",natural gas extraction and processing - Appalachian,"Electricity; at grid; consumption mix - PJM Interconnection, LLC - BA","ironmaking, blast furnace","Electricity; at grid; consumption mix - PJM Interconnection, LLC - BA","coal extraction and processing - Central Appalachia, BIT, Underground",0.0771,0.193,0.046,0.4,0.874,0.61,0.03,0.5,0.01,0.507,0.12,9.9,1.3,0.01,0.027,0.15,0.1,0.071,0.074,1.093,0.124,0.26,1.72,2.6795,0.0,0.0,0.0021507746660624017,0.0001531545826800707,1.3541825900182528e-08,0.043784866657782806,2.721,2.8549,2.7234,range
"Electricity; at grid; consumption mix - PJM Interconnection, LLC - BA","Electricity; at grid; consumption mix - PJM Interconnection, LLC - BA","rolling, slab","steelmaking, electric arc furnace","Electricity; at grid; consumption mix - PJM Interconnection, LLC - BA","ironmaking, blast furnace","Electricity; at grid; consumption mix - PJM Interconnection, LLC - BA",natural gas extraction and processing - Appalachian,"Electricity; at grid; consumption mix - PJM Interconnection, LLC - BA","ironmaking, blast furnace","Electricity; at grid; consumption mix - PJM Interconnection, LLC - BA","coal extraction and processing - Central Appalachia, BIT, Underground",0.0771,0.193,0.046,0.4,0.874,0.61,0.03,0.5,0.01,0.507,0.12,9.9,1.3,0.01,0.027,0.15,0.1,0.071,0.074,1.093,0.124,0.26,1.72,1.8329,0.0,0.0,0.002190907054232699,0.00013869917415568076,1.543353440148164e-08,0.042313509551230165,1.8635,1.9614,1.8649,range
"Electricity; at grid; consumption mix - PJM Interconnection, LLC - BA","Electricity; at grid; consumption mix - PJM Interconnection, LLC - BA","rolling, slab","steelmaking, electric arc furnace",Electricity; at grid; consumption mix - Duke Energy Progress East - BA,"ironmaking, blast furnace","Electricity; at grid; consumption mix - PJM Interconnection, LLC - BA",natural gas extraction and processing - Appalachian,"Electricity; at grid; consumption mix - PJM Interconnection, LLC - BA","ironmaking, blast furnace","Electricity; at grid; consumption mix - PJM Interconnection, LLC - BA","coal extraction and processing - Central Appalachia, BIT, Underground",0.0771,0.193,0.046,0.4,0.874,0.61,0.03,0.5,0.01,0.507,0.12,9.9,1.3,0.01,0.027,0.15,0.1,0.071,0.074,1.093,0.124,0.26,1.72,1.7473,0.0,0.0,0.002002878789629915,0.00013555332827670626,1.571604271952796e-08,0.041321355729456326,1.7773,1.8737,1.7788,range
"Electricity; at grid; consumption mix - PJM Interconnection, LLC - BA","Electricity; at grid; consumption mix - PJM Interconnection, LLC - BA","rolling, slab","steelmaking, electric arc furnace","Electricity; at grid; consumption mix - Midcontinent Independent System Operator, Inc. - BA","ironmaking, blast furnace","Electricity; at grid; consumption mix - PJM Interconnection, LLC - BA",natural gas extraction and processing - Appalachian,"Electricity; at grid; consumption mix - PJM Interconnection, LLC - BA","ironmaking, blast furnace","Electricity; at grid; consumption mix - PJM Interconnection, LLC - BA","coal extraction and processing - Central Appalachia, BIT, Underground",0.0771,0.193,0.046,0.4,0.874,0.61,0.03,0.5,0.01,0.507,0.12,9.9,1.3,0.01,0.027,0.15,0.1,0.071,0.074,1.093,0.124,0.26,1.72,1.9488,0.0,0.0,0.0026658766635895004,0.00015851086848830623,2.0673605670987608e-08,0.05255614438283368,1.9789,2.074,1.9798,range
"Electricity; at grid; consumption mix - PJM Interconnection, LLC - BA","Electricity; at grid; consumption mix - PJM Interconnection, LLC - BA","rolling, slab","steelmaking, electric arc furnace","Electricity; at grid; consumption mix - PJM Interconnection, LLC - BA","ironmaking, blast furnace","Electricity; at grid; consumption mix - PJM Interconnection, LLC - BA",natural gas extraction and processing - Appalachian,"Electricity; at grid; consumption mix - PJM Interconnection, LLC - BA","ironmaking, blast furnace","Electricity; at grid; consumption mix - PJM Interconnection, LLC - BA","coal extraction and processing - Central Appalachia, BIT, Underground",0.0771,0.193,0.046,0.4,0.874,0.61,0.03,0.5,0.01,0.507,0.12,9.9,1.3,0.01,0.027,0.15,0.1,0.071,0.074,1.093,0.124,0.26,1.72,1.8329,0.0,0.0,0.002190907054232699,0.00013869917415568076,1.543353440148164e-08,0.042313509551230165,1.8635,1.9614,1.8649,range
"Electricity; at grid; consumption mix - PJM Interconnection, LLC - BA","Electricity; at grid; consumption mix - PJM Interconnection, LLC - BA","rolling, slab","steelmaking, electric arc furnace","Electricity; at grid; consumption mix - PJM Interconnection, LLC - BA","ironmaking, direct reduction, MIDREX","Electricity; at grid; consumption mix - PJM Interconnection, LLC - BA",natural gas extraction and processing - Appalachian,"Electricity; at grid; consumption mix - PJM Interconnection, LLC - BA","ironmaking, blast furnace","Electricity; at grid; consumption mix - PJM Interconnection, LLC - BA","coal extraction and processing - Central Appalachia, BIT, Underground",0.0771,0.193,0.046,0.4,0.874,0.61,0.03,0.5,0.01,0.507,0.12,9.9,1.3,0.01,0.027,0.15,0.1,0.071,0.074,1.093,0.124,0.26,1.72,1.3375,0.0,0.0,0.002262588437527545,0.00014722007468390749,1.4113528177585032e-08,0.04903658759269569,1.36,1.431,1.3606,range
"Electricity; at grid; consumption mix - PJM Interconnection, LLC - BA","Electricity; at grid; consumption mix - PJM Interconnection, LLC - BA","rolling, slab","steelmaking, electric arc furnace","Electricity; at grid; consumption mix - PJM Interconnection, LLC - BA","ironmaking, blast furnace",Electricity; at grid; consumption mix - Duke Energy Progress East - BA,natural gas extraction and processing - Appalachian,"Electricity; at grid; consumption mix - PJM Interconnection, LLC - BA","ironmaking, blast furnace","Electricity; at grid; consumption mix - PJM Interconnection, LLC - BA","coal extraction and processing - Central Appalachia, BIT, Underground",0.0771,0.193,0.046,0.4,0.874,0.61,0.03,0.5,0.01,0.507,0.12,9.9,1.3,0.01,0.027,0.15,0.1,0.071,0.074,1.093,0.124,0.26,1.72,1.8329,0.0,0.0,0.002190907054232699,0.00013869917415568076,1.543353440148164e-08,0.042313509551230165,1.8635,1.9614,1.8649,range
"Electricity; at grid; consumption mix - PJM Interconnection, LLC - BA","Electricity; at grid; consumption mix - PJM Interconnection, LLC - BA","rolling, slab","steelmaking, electric arc furnace","Electricity; at grid; consumption mix - PJM Interconnection, LLC - BA","ironmaking, blast furnace","Electricity; at grid; consumption mix - Midcontinent Independent System Operator, Inc. - BA",natural gas extraction and processing - Appalachian,"Electricity; at grid; consumption mix - PJM Interconnection, LLC - BA","ironmaking, blast furnace","Electricity; at grid; consumption mix - PJM Interconnection, LLC - BA","coal extraction and processing - Central Appalachia, BIT, Underground",0.0771,0.193,0.046,0.4,0.874,0.61,0.03,0.5,0.01,0.507,0.12,9.9,1.3,0.01,0.027,0.15,0.1,0.071,0.074,1.093,0.124,0.26,1.72,1.8329,0.0,0.0,0.002190907054232699,0.00013869917415568076,1.543353440148164e-08,0.042313509551230165,1.8635,1.9614,1.8649,range
"Electricity; at grid; consumption mix - PJM Interconnection, LLC - BA","Electricity; at grid; consumption mix - PJM Interconnection, LLC - BA","rolling, slab","steelmaking, electric arc furnace","Electricity; at grid; consumption mix - PJM Interconnection, LLC - BA","ironmaking, blast furnace","Electricity; at grid; consumption mix - PJM Interconnection, LLC - BA",natural gas extraction and processing - Anadarko,"Electricity; at grid; consumption mix - PJM Interconnection, LLC - BA","ironmaking, blast furnace","Electricity; at grid; consumption mix - PJM Interconnection, LLC - BA","coal extraction and processing - Central Appalachia, BIT, Underground",0.0771,0.193,0.046,0.4,0.874,0.61,0.03,0.5,0.01,0.507,0.12,9.9,1.3,0.01,0.027,0.15,0.1,0.071,0.074,1.093,0.124,0.26,1.72,1.8329,0.0,0.0,0.002190907054232699,0.00013869917415568076,1.543353440148164e-08,0.042313509551230165,1.8635,1.9614,1.8649,range
"Electricity; at grid; consumption mix - PJM Interconnection, LLC - BA","Electricity; at grid; consumption mix - PJM Interconnection, LLC - BA","rolling, slab","steelmaking, electric arc furnace","Electricity; at grid; consumption mix - PJM Interconnection, LLC - BA","ironmaking, blast furnace","Electricity; at grid; consumption mix - PJM Interconnection, LLC - BA",natural gas extraction and processing - East Texas,"Electricity; at grid; consumption mix - PJM Interconnection, LLC - BA","ironmaking, blast furnace","Electricity; at grid; consumption mix - PJM Interconnection, LLC - BA","coal extraction and processing - Central Appalachia, BIT, Underground",0.0771,0.193,0.046,0.4,0.874,0.61,0.03,0.5,0.01,0.507,0.12,9.9,1.3,0.01,0.027,0.15,0.1,0.071,0.074,1.093,0.124,0.26,1.72,1.8329,0.0,0.0,0.002190907054232699,0.00013869917415568076,1.543353440148164e-08,0.042313509551230165,1.8635,1.9614,1.8649,range
"Electricity; at grid; consumption mix - PJM Interconnection, LLC - BA","Electricity; at grid; consumption mix - PJM Interconnection, LLC - BA","rolling, slab","steelmaking, electric arc furnace","Electricity; at grid; consumption mix - PJM Interconnection, LLC - BA","ironmaking, blast furnace","Electricity; at grid; consumption mix - PJM Interconnection, LLC - BA",natural gas extraction and processing - Appalachian,Electricity; at grid; consumption mix - Duke Energy Progress East - BA,"ironmaking, blast furnace","Electricity; at grid; consumption mix - PJM Interconnection, LLC - BA","coal extraction and processing - Central Appalachia, BIT, Underground",0.0771,0.193,0.046,0.4,0.874,0.61,0.03,0.5,0.01,0.507,0.12,9.9,1.3,0.01,0.027,0.15,0.1,0.071,0.074,1.093,0.124,0.26,1.72,1.8287,0.0,0.0,0.0021817909296726174,0.00013854665494299683,1.5447231177453115e-08,0.04226540722022607,1.8593,1.9572,1.8608,range
"Electricity; at grid; consumption mix - PJM Interconnection, LLC - BA","Electricity; at grid; consumption mix - PJM Interconnection, LLC - BA","rolling, slab","steelmaking, electric arc furnace","Electricity; at grid; consumption mix - PJM Interconnection, LLC - BA","ironmaking, blast furnace","Electricity; at grid; consumption mix - PJM Interconnection, LLC - BA",natural gas extraction and processing - Appalachian,"Electricity; at grid; consumption mix - Midcontinent Independent System Operator, Inc. - BA","ironmaking, blast furnace","Electricity; at grid; consumption mix - PJM Interconnection, LLC - BA","coal extraction and processing - Central Appalachia, BIT, Underground",0.0771,0.193,0.046,0.4,0.874,0.61,0.03,0.5,0.01,0.507,0.12,9.9,1.3,0.01,0.027,0.15,0.1,0.071,0.074,1.093,0.124,0.26,1.72,1.8385,0.0,0.0,0.0022139348800241957,0.00013965969928558098,1.5687587389193016e-08,0.04281010050337023,1.8691,1.9669,1.8705,range
"Electricity; at grid; consumption mix - PJM Interconnection, LLC - BA","Electricity; at grid; consumption mix - PJM Interconnection, LLC - BA","rolling, slab","steelmaking, electric arc furnace","Electricity; at grid; consumption mix - PJM Interconnection, LLC - BA","ironmaking, blast furnace","Electricity; at grid; consumption mix - PJM Interconnection, LLC - BA",natural gas extraction and processing - Appalachian,"Electricity; at grid; consumption mix - PJM Interconnection, LLC - BA","ironmaking, blast furnace","Electricity; at grid; consumption mix - PJM Interconnection, LLC - BA","coal extraction and processing - Central Appalachia, BIT, Underground",0.0771,0.193,0.046,0.4,0.874,0.61,0.03,0.5,0.01,0.507,0.12,9.9,1.3,0.01,0.027,0.15,0.1,0.071,0.074,1.093,0.124,0.26,1.72,1.8329,0.0,0.0,0.002190907054232699,0.00013869917415568076,1.543353440148164e-08,0.042313509551230165,1.8635,1.9614,1.8649,range
"Electricity; at grid; consumption mix - PJM Interconnection, LLC - BA","Electricity; at grid; consumption mix - PJM Interconnection, LLC - BA","rolling, slab","steelmaking, electric arc furnace","Electricity; at grid; consumption mix - PJM Interconnection, LLC - BA","ironmaking, blast furnace","Electricity; at grid; consumption mix - PJM Interconnection, LLC - BA",natural gas extraction and processing - Appalachian,"Electricity; at grid; consumption mix - PJM Interconnection, LLC - BA","ironmaking, blast furnace","Electricity; at grid; consumption mix - PJM Interconnection, LLC - BA","coal extraction and processing - Central Appalachia, BIT, Underground",0.0771,0.193,0.046,0.4,0.874,0.61,0.03,0.5,0.01,0.507,0.12,9.9,1.3,0.01,0.027,0.15,0.1,0.071,0.074,1.093,0.124,0.26,1.72,1.8329,0.0,0.0,0.002190907054232699,0.00013869917415568076,1.543353440148164e-08,0.042313509551230165,1.8635,1.9614,1.8649,range
"Electricity; at grid; consumption mix - PJM Interconnection, LLC - BA","Electricity; at grid; consumption mix - PJM Interconnection, LLC - BA","rolling, slab","steelmaking, electric arc furnace","Electricity; at grid; consumption mix - PJM Interconnection, LLC - BA","ironmaking, blast furnace","Electricity; at grid; consumption mix - PJM Interconnection, LLC - BA",natural gas extraction and processing - Appalachian,"Electricity; at grid; consumption mix - PJM Interconnection, LLC - BA","ironmaking, blast furnace",Electricity; at grid; consumption mix - Duke Energy Progress East - BA,"coal extraction and processing - Central Appalachia, BIT, Underground",0.0771,0.193,0.046,0.4,0.874,0.61,0.03,0.5,0.01,0.507,0.12,9.9,1.3,0.01,0.027,0.15,0.1,0.071,0.074,1.093,0.124,0.26,1.72,1.8237,0.0,0.0,0.0021708023038515462,0.00013836280745959935,1.5463741345245754e-08,0.04220742441042111,1.8543,1.952,1.8557,range
"Electricity; at grid; consumption mix - PJM Interconnection, LLC - BA","Electricity; at grid; consumption mix - PJM Interconnection, LLC - BA","rolling, slab","steelmaking, electric arc furnace","Electricity; at grid; consumption mix - PJM Interconnection, LLC - BA","ironmaking, blast furnace","Electricity; at grid; consumption mix - PJM Interconnection, LLC - BA",natural gas extraction and processing - Appalachian,"Electricity; at grid; consumption mix - PJM Interconnection, LLC - BA","ironmaking, blast furnace","Electricity; at grid; consumption mix - Midcontinent Independent System Operator, Inc. - BA","coal extraction and processing - Central Appalachia, BIT, Underground",0.0771,0.193,0.046,0.4,0.874,0.61,0.03,0.5,0.01,0.507,0.12,9.9,1.3,0.01,0.027,0.15,0.1,0.071,0.074,1.093,0.124,0.26,1.72,1.8453,0.0,0.0,0.002241692745707996,0.00014081752146919023,1.5993824233839702e-08,0.04340869392135518,1.8758,1.9735,1.8772,range
"Electricity; at grid; consumption mix - PJM Interconnection, LLC - BA","Electricity; at grid; consumption mix - PJM Interconnection, LLC - BA","rolling, slab","steelmaking, electric arc furnace","Electricity; at grid; consumption mix - PJM Interconnection, LLC - BA","ironmaking, blast furnace","Electricity; at grid; consumption mix - PJM Interconnection, LLC - BA",natural gas extraction and processing - Appalachian,"Electricity; at grid; consumption mix - PJM Interconnection, LLC - BA","ironmaking, blast furnace","Electricity; at grid; consumption mix - PJM Interconnection, LLC - BA","coal extraction and processing - Central Interior, BIT, Underground",0.0771,0.193,0.046,0.4,0.874,0.61,0.03,0.5,0.01,0.507,0.12,9.9,1.3,0.01,0.027,0.15,0.1,0.071,0.074,1.093,0.124,0.26,1.72,1.8266,0.0,0.0,0.002228140767549471,0.0001401403683447341,1.579292573988121e-08,0.04294669867611141,1.8554,1.9476,1.8567,range
"Electricity; at grid; consumption mix - PJM Interconnection, LLC - BA","Electricity; at grid; consumption mix - PJM Interconnection, LLC - BA","rolling, slab","steelmaking, electric arc furnace","Electricity; at grid; consumption mix - PJM Interconnection, LLC - BA","ironmaking, blast furnace","Electricity; at grid; consumption mix - PJM Interconnection, LLC - BA",natural gas extraction and processing - Appalachian,"Electricity; at grid; consumption mix - PJM Interconnection, LLC - BA","ironmaking, blast furnace","Electricity; at grid; consumption mix - PJM Interconnection, LLC - BA","coal extraction and processing - Illinois Basin, BIT, Underground",0.0771,0.193,0.046,0.4,0.874,0.61,0.03,0.5,0.01,0.507,0.12,9.9,1.3,0.01,0.027,0.15,0.1,0.071,0.074,1.093,0.124,0.26,1.72,1.7836,0.0,0.0,0.002227322966821698,0.00014013084799884793,1.5789270543750474e-08,0.04301260418625457,1.8078,1.8844,1.8086,range
"Electricity; at grid; consumption mix - PJM Interconnection, LLC - BA","Electricity; at grid; consumption mix - PJM Interconnection, LLC - BA","rolling, slab","steelmaking, electric arc furnace","Electricity; at grid; consumption mix - PJM Interconnection, LLC - BA","ironmaking, blast furnace","Electricity; at grid; consumption mix - PJM Interconnection, LLC - BA",natural gas extraction and processing - Appalachian,"Electricity; at grid; consumption mix - PJM Interconnection, LLC - BA","ironmaking, blast furnace","Electricity; at grid; consumption mix - PJM Interconnection, LLC - BA","coal extraction and processing - Central Appalachia, BIT, Underground",0.01,0.193,0.046,0.4,0.874,0.61,0.03,0.5,0.01,0.507,0.12,9.9,1.3,0.01,0.027,0.15,0.1,0.071,0.074,1.093,0.124,0.26,1.72,1.728,0.0,0.0,0.0020677103365163768,0.00013070527497326378,1.4557320424779941e-08,0.0399025608257363,1.7567,1.8487,1.7581,range
"Electricity; at grid; consumption mix - PJM Interconnection, LLC - BA","Electricity; at grid; consumption mix - PJM Interconnection, LLC - BA","rolling, slab","steelmaking, electric arc furnace","Electricity; at grid; consumption mix - PJM Interconnection, LLC - BA","ironmaking, blast furnace","Electricity; at grid; consumption mix - PJM Interconnection, LLC - BA",natural gas extraction and processing - Appalachian,"Electricity; at grid; consumption mix - PJM Interconnection, LLC - BA","ironmaking, blast furnace","Electricity; at grid; consumption mix - PJM Interconnection, LLC - BA","coal extraction and processing - Central Appalachia, BIT, Underground",0.08,0.193,0.046,0.4,0.874,0.61,0.03,0.5,0.01,0.507,0.12,9.9,1.3,0.01,0.027,0.15,0.1,0.071,0.074,1.093,0.124,0.26,1.72,1.8374,0.0,0.0,0.002196231502539365,0.0001390446630920296,1.547140355993819e-08,0.042417708527443775,1.8681,1.9663,1.8695,range
"Electricity; at grid; consumption mix - PJM Interconnection, LLC - BA","Electricity; at grid; consumption mix - PJM Interconnection, LLC - BA","rolling, slab","steelmaking, electric arc furnace","Electricity; at grid; consumption mix - PJM Interconnection, LLC - BA","ironmaking, blast furnace","Electricity; at grid; consumption mix - PJM Interconnection, LLC - BA",natural gas extraction and processing - Appalachian,"Electricity; at grid; consumption mix - PJM Interconnection, LLC - BA","ironmaking, blast furnace","Electricity; at grid; consumption mix - PJM Interconnection, LLC - BA","coal extraction and processing - Central Appalachia, BIT, Underground",0.0771,0.154,0.046,0.4,0.874,0.61,0.03,0.5,0.01,0.507,0.12,9.9,1.3,0.01,0.027,0.15,0.1,0.071,0.074,1.093,0.124,0.26,1.72,1.812,0.0,0.0,0.002147798209743863,0.00013660169801365087,1.515701700209115e-08,0.041583507842569645,1.8425,1.9399,1.8439,range
"Electricity; at grid; consumption mix - PJM Interconnection, LLC - BA","Electricity; at grid; consumption mix - PJM Interconnection, LLC - BA","rolling, slab","steelmaking, electric arc furnace","Electricity; at grid; consumption mix - PJM Interconnection, LLC - BA","ironmaking, blast furnace","Electricity; at grid; consumption mix - PJM Interconnection, LLC - BA",natural gas extraction and processing - Appalachian,"Electricity; at grid; consumption mix - PJM Interconnection, LLC - BA","ironmaking, blast furnace","Electricity; at grid; consumption mix - PJM Interconnection, LLC - BA","coal extraction and processing - Central Appalachia, BIT, Underground",0.0771,0.232,0.046,0.4,0.874,0.61,0.03,0.5,0.01,0.507,0.12,9.9,1.3,0.01,0.027,0.15,0.1,0.071,0.074,1.093,0.124,0.26,1.72,1.8537,0.0,0.0,0.0022340158987215336,0.00014079665029771062,1.571005180087213e-08,0.04304351125989066,1.8845,1.9829,1.8859,range
"Electricity; at grid; consumption mix - PJM Interconnection, LLC - BA","Electricity; at grid; consumption mix - PJM Interconnection, LLC - BA","rolling, slab","steelmaking, electric arc furnace","Electricity; at grid; consumption mix - PJM Interconnection, LLC - BA","ironmaking, blast furnace","Electricity; at grid; consumption mix - PJM Interconnection, LLC - BA",natural gas extraction and processing - Appalachian,"Electricity; at grid; consumption mix - PJM Interconnection, LLC - BA","ironmaking, blast furnace","Electricity; at grid; consumption mix - PJM Interconnection, LLC - BA","coal extraction and processing - Central Appalachia, BIT, Underground",0.0771,0.193,0.06,0.4,0.874,0.61,0.03,0.5,0.01,0.507,0.12,9.9,1.3,0.01,0.027,0.15,0.1,0.071,0.074,1.093,0.124,0.26,1.72,1.8469,0.0,0.0,0.002190907054232699,0.00013869917415568076,1.543353440148164e-08,0.042313509551230165,1.8775,1.9754,1.8789,range
"Electricity; at grid; consumption mix - PJM Interconnection, LLC - BA","Electricity; at grid; consumption mix - PJM Interconnection, LLC - BA","rolling, slab","steelmaking, electric arc furnace","Electricity; at grid; consumption mix - PJM Interconnection, LLC - BA","ironmaking, blast furnace","Electricity; at grid; consumption mix - PJM Interconnection, LLC - BA",natural gas extraction and processing - Appalachian,"Electricity; at grid; consumption mix - PJM Interconnection, LLC - BA","ironmaking, blast furnace","Electricity; at grid; consumption mix - PJM Interconnection, LLC - BA","coal extraction and processing - Central Appalachia, BIT, Underground",0.0771,0.193,0.04,0.4,0.874,0.61,0.03,0.5,0.01,0.507,0.12,9.9,1.3,0.01,0.027,0.15,0.1,0.071,0.074,1.093,0.124,0.26,1.72,1.8269,0.0,0.0,0.002190907054232699,0.00013869917415568076,1.543353440148164e-08,0.042313509551230165,1.8575,1.9554,1.8589,range
"Electricity; at grid; consumption mix - PJM Interconnection, LLC - BA","Electricity; at grid; consumption mix - PJM Interconnection, LLC - BA","rolling, slab","steelmaking, electric arc furnace","Electricity; at grid; consumption mix - PJM Interconnection, LLC - BA","ironmaking, blast furnace","Electricity; at grid; consumption mix - PJM Interconnection, LLC - BA",natural gas extraction and processing - Appalachian,"Electricity; at grid; consumption mix - PJM Interconnection, LLC - BA","ironmaking, blast furnace","Electricity; at grid; consumption mix - PJM Interconnection, LLC - BA","coal extraction and processing - Central Appalachia, BIT, Underground",0.0771,0.193,0.046,0.045,0.874,0.61,0.03,0.5,0.01,0.507,0.12,9.9,1.3,0.01,0.027,0.15,0.1,0.071,0.074,1.093,0.124,0.26,1.72,1.6285,0.0,0.0,0.0017682519152168526,0.00011813473822834655,1.2722455010106202e-08,0.035156301388630996,1.6575,1.7505,1.659,range
"Electricity; at grid; consumption mix - PJM Interconnection, LLC - BA","Electricity; at grid; consumption mix - PJM Interconnection, LLC - BA","rolling, slab","steelmaking, electric arc furnace","Electricity; at grid; consumption mix - PJM Interconnection, LLC - BA","ironmaking, blast furnace","Electricity; at grid; consumption mix - PJM Interconnection, LLC - BA",natural gas extraction and processing - Appalachian,"Electricity; at grid; consumption mix - PJM Interconnection, LLC - BA","ironmaking, blast furnace","Electricity; at grid; consumption mix - PJM Interconnection, LLC - BA","coal extraction and processing - Central Appalachia, BIT, Underground",0.0771,0.193,0.046,0.032,0.874,0.61,0.03,0.5,0.01,0.507,0.12,9.9,1.3,0.01,0.027,0.15,0.1,0.071,0.074,1.093,0.124,0.26,1.72,1.621,0.0,0.0,0.0017527744030838776,0.00011738167437748641,1.2623176046478367e-08,0.03489420644183159,1.6499,1.7428,1.6514,range
"Electricity; at grid; consumption mix - PJM Interconnection, LLC - BA","Electricity; at grid; consumption mix - PJM Interconnection, LLC - BA","rolling, slab","steelmaking, electric arc furnace","Electricity; at grid; consumption mix - PJM Interconnection, LLC - BA","ironmaking, blast furnace","Electricity; at grid; consumption mix - PJM Interconnection, LLC - BA",natural gas extraction and processing - Appalachian,"Electricity; at grid; consumption mix - PJM Interconnection, LLC - BA","ironmaking, blast furnace","Electricity; at grid; consumption mix - PJM Interconnection, LLC - BA","coal extraction and processing - Central Appalachia, BIT, Underground",0.0771,0.193,0.046,0.4,0.6992,0.61,0.03,0.5,0.01,0.507,0.12,9.9,1.3,0.01,0.027,0.15,0.1,0.071,0.074,1.093,0.124,0.26,1.72,1.7852,0.0,0.0,0.002146923055528239,0.00013588342951196216,1.5411654680899973e-08,0.04085793261603808,1.8128,1.9011,1.814,range
"Electricity; at grid; consumption mix - PJM Interconnection, LLC - BA","Electricity; at grid; consumption mix - PJM Interconnection, LLC - BA","rolling, slab","steelmaking, electric arc furnace","Electricity; at grid; consumption mix - PJM Interconnection, LLC - BA","ironmaking, blast furnace","Electricity; at grid; consumption mix - PJM Interconnection, LLC - BA",natural gas extraction and processing - Appalachian,"Electricity; at grid; consumption mix - PJM Interconnection, LLC - BA","ironmaking, blast furnace","Electricity; at grid; consumption mix - PJM Interconnection, LLC - BA","coal extraction and processing - Central Appalachia, BIT, Underground",0.0771,0.193,0.046,0.4,1.0488,0.61,0.03,0.5,0.01,0.507,0.12,9.9,1.3,0.01,0.027,0.15,0.1,0.071,0.074,1.093,0.124,0.26,1.72,1.8806,0.0,0.0,0.0022348910529371583,0.00014151491879939938,1.5455414122063306e-08,0.04376908648642226,1.9142,2.0218,1.9158,range
"Electricity; at grid; consumption mix - PJM Interconnection, LLC - BA","Electricity; at grid; consumption mix - PJM Interconnection, LLC - BA","rolling, slab","steelmaking, electric arc furnace","Electricity; at grid; consumption mix - PJM Interconnection, LLC - BA","ironmaking, blast furnace","Electricity; at grid; consumption mix - PJM Interconnection, LLC - BA",natural gas extraction and processing - Appalachian,"Electricity; at grid; consumption mix - PJM Interconnection, LLC - BA","ironmaking, blast furnace","Electricity; at grid; consumption mix - PJM Interconnection, LLC - BA","coal extraction and processing - Central Appalachia, BIT, Underground",0.0771,0.193,0.046,0.4,0.874,0.54,0.03,0.5,0.01,0.507,0.12,9.9,1.3,0.01,0.027,0.15,0.1,0.071,0.074,1.093,0.124,0.26,1.72,1.9786,0.0,0.0,0.002271352394325087,0.0001455162474457942,1.5896308123504816e-08,0.043959104765557436,2.011,2.1148,2.0126,range
"Electricity; at grid; consumption mix - PJM Interconnection, LLC - BA","Electricity; at grid; consumption mix - PJM Interconnection, LLC - BA","rolling, slab","steelmaking, electric arc furnace","Electricity; at grid; consumption mix - PJM Interconnection, LLC - BA","ironmaking, blast furnace","Electricity; at grid; consumption mix - PJM Interconnection, LLC - BA",natural gas extraction and processing - Appalachian,"Electricity; at grid; consumption mix - PJM Interconnection, LLC - BA","ironmaking, blast furnace","Electricity; at grid; consumption mix - PJM Interconnection, LLC - BA","coal extraction and processing - Central Appalachia, BIT, Underground",0.0771,0.193,0.046,0.4,0.874,0.9,0.03,0.5,0.01,0.507,0.12,9.9,1.3,0.01,0.027,0.15,0.1,0.071,0.074,1.093,0.124,0.26,1.72,1.2291,0.0,0.0,0.0018576335024213769,0.00011045701338235339,1.3516328981671316e-08,0.03549604366330288,1.2522,1.326,1.2532,range
"Electricity; at grid; consumption mix - PJM Interconnection, LLC - BA","Electricity; at grid; consumption mix - PJM Interconnection, LLC - BA","rolling, slab","steelmaking, electric arc furnace","Electricity; at grid; consumption mix - PJM Interconnection, LLC - BA","ironmaking, blast furnace","Electricity; at grid; consumption mix - PJM Interconnection, LLC - BA",natural gas extraction and processing - Appalachian,"Electricity; at grid; consumption mix - PJM Interconnection, LLC - BA","ironmaking, blast furnace","Electricity; at grid; consumption mix - PJM Interconnection, LLC - BA","coal extraction and processing - Central Appalachia, BIT, Underground",0.0771,0.193,0.046,0.4,0.874,0.61,0.05,0.5,0.01,0.507,0.12,9.9,1.3,0.01,0.027,0.15,0.1,0.071,0.074,1.093,0.124,0.26,1.72,1.8487,0.0,0.0,0.00219960987881967,0.0001394366661343616,1.548359868763671e-08,0.042491535108397344,1.8794,1.978,1.8809,range
"Electricity; at grid; consumption mix - PJM Interconnection, LLC - BA","Electricity; at grid; consumption mix - PJM Interconnection, LLC - BA","rolling, slab","steelmaking, electric arc furnace","Electricity; at grid; consumption mix - PJM Interconnection, LLC - BA","ironmaking, blast furnace","Electricity; at grid; consumption mix - PJM Interconnection, LLC - BA",natural gas extraction and processing - Appalachian,"Electricity; at grid; consumption mix - PJM Interconnection, LLC - BA","ironmaking, blast furnace","Electricity; at grid; consumption mix - PJM Interconnection, LLC - BA","coal extraction and processing - Central Appalachia, BIT, Underground",0.0771,0.193,0.046,0.4,0.874,0.61,0.01,0.5,0.01,0.507,0.12,9.9,1.3,0.01,0.027,0.15,0.1,0.071,0.074,1.093,0.124,0.26,1.72,1.8171,0.0,0.0,0.002182204229645727,0.00013796168217700003,1.5383470115326567e-08,0.042135483994063014,1.8475,1.9448,1.849,range
"Electricity; at grid; consumption mix - PJM Interconnection, LLC - BA","Electricity; at grid; consumption mix - PJM Interconnection, LLC - BA","rolling, slab","steelmaking, electric arc furnace","Electricity; at grid; consumption mix - PJM Interconnection, LLC - BA","ironmaking, blast furnace","Electricity; at grid; consumption mix - PJM Interconnection, LLC - BA",natural gas extraction and processing - Appalachian,"Electricity; at grid; consumption mix - PJM Interconnection, LLC - BA","ironmaking, blast furnace","Electricity; at grid; consumption mix - PJM Interconnection, LLC - BA","coal extraction and processing - Central Appalachia, BIT, Underground",0.0771,0.193,0.046,0.4,0.874,0.61,0.03,0.35,0.01,0.507,0.12,9.9,1.3,0.01,0.027,0.15,0.1,0.071,0.074,1.093,0.124,0.26,1.72,1.7465,0.0,0.0,0.0020123203757752995,0.00013000997587652544,1.4288007898083576e-08,0.039289337088160084,1.7764,1.8723,1.7779,range
"Electricity; at grid; consumption mix - PJM Interconnection, LLC - BA","Electricity; at grid; consumption mix - PJM Interconnection, LLC - BA","rolling, slab","steelmaking, electric arc furnace","Electricity; at grid; consumption mix - PJM Interconnection, LLC - BA","ironmaking, blast furnace","Electricity; at grid; consumption mix - PJM Interconnection, LLC - BA",natural gas extraction and processing - Appalachian,"Electricity; at grid; consumption mix - PJM Interconnection, LLC - BA","ironmaking, blast furnace","Electricity; at grid; consumption mix - PJM Interconnection, LLC - BA","coal extraction and processing - Central Appalachia, BIT, Underground",0.0771,0.193,0.046,0.4,0.874,0.61,0.03,0.7,0.01,0.507,0.12,9.9,1.3,0.01,0.027,0.15,0.1,0.071,0.074,1.093,0.124,0.26,1.72,1.9481,0.0,0.0,0.0024290226255092324,0.0001502847718612212,1.696090307267907e-08,0.04634573950199026,1.9796,2.0803,1.9809,range
"Electricity; at grid; consumption mix - PJM Interconnection, LLC - BA","Electricity; at grid; consumption mix - PJM Interconnection, LLC - BA","rolling, slab","steelmaking, electric arc furnace","Electricity; at grid; consumption mix - PJM Interconnection, LLC - BA","ironmaking, blast furnace","Electricity; at grid; consumption mix - PJM Interconnection, LLC - BA",natural gas extraction and processing - Appalachian,"Electricity; at grid; consumption mix - PJM Interconnection, LLC - BA","ironmaking, blast furnace","Electricity; at grid; consumption mix - PJM Interconnection, LLC - BA","coal extraction and processing - Central Appalachia, BIT, Underground",0.0771,0.193,0.046,0.4,0.874,0.61,0.03,0.5,0.0105,0.507,0.12,9.9,1.3,0.01,0.027,0.15,0.1,0.071,0.074,1.093,0.124,0.26,1.72,1.8334,0.0,0.0,0.002190907054232699,0.00013869917415568076,1.543353440148164e-08,0.042313509551230165,1.864,1.962,1.8655,range
"Electricity; at grid; consumption mix - PJM Interconnection, LLC - BA","Electricity; at grid; consumption mix - PJM Interconnection, LLC - BA","rolling, slab","steelmaking, electric arc furnace","Electricity; at grid; consumption mix - PJM Interconnection, LLC - BA","ironmaking, blast furnace","Electricity; at grid; consumption mix - PJM Interconnection, LLC - BA",natural gas extraction and processing - Appalachian,"Electricity; at grid; consumption mix - PJM Interconnection, LLC - BA","ironmaking, blast furnace","Electricity; at grid; consumption mix - PJM Interconnection, LLC - BA","coal extraction and processing - Central Appalachia, BIT, Underground",0.0771,0.193,0.046,0.4,0.874,0.61,0.03,0.5,0.0095,0.507,0.12,9.9,1.3,0.01,0.027,0.15,0.1,0.071,0.074,1.093,0.124,0.26,1.72,1.8324,0.0,0.0,0.002190907054232699,0.00013869917415568076,1.543353440148164e-08,0.042313509551230165,1.8629,1.9609,1.8644,range
"Electricity; at grid; consumption mix - PJM Interconnection, LLC - BA","Electricity; at grid; consumption mix - PJM Interconnection, LLC - BA","rolling, slab","steelmaking, electric arc furnace","Electricity; at grid; consumption mix - PJM Interconnection, LLC - BA","ironmaking, blast furnace","Electricity; at grid; consumption mix - PJM Interconnection, LLC - BA",natural gas extraction and processing - Appalachian,"Electricity; at grid; consumption mix - PJM Interconnection, LLC - BA","ironmaking, blast furnace","Electricity; at grid; consumption mix - PJM Interconnection, LLC - BA","coal extraction and processing - Central Appalachia, BIT, Underground",0.0771,0.193,0.046,0.4,0.874,0.61,0.03,0.5,0.01,0.532,0.12,9.9,1.3,0.01,0.027,0.15,0.1,0.071,0.074,1.093,0.124,0.26,1.72,1.8329,0.0,0.0,0.002190907054232699,0.00013869917415568076,1.543353440148164e-08,0.042313509551230165,1.8635,1.9614,1.8649,range
"Electricity; at grid; consumption mix - PJM Interconnection, LLC - BA","Electricity; at grid; consumption mix - PJM Interconnection, LLC - BA","rolling, slab","steelmaking, electric arc furnace","Electricity; at grid; consumption mix - PJM Interconnection, LLC - BA","ironmaking, blast furnace","Electricity; at grid; consumption mix - PJM Interconnection, LLC - BA",natural gas extraction and processing - Appalachian,"Electricity; at grid; consumption mix - PJM Interconnection, LLC - BA","ironmaking, blast furnace","Electricity; at grid; consumption mix - PJM Interconnection, LLC - BA","coal extraction and processing - Central Appalachia, BIT, Underground",0.0771,0.193,0.046,0.4,0.874,0.61,0.03,0.5,0.01,0.482,0.12,9.9,1.3,0.01,0.027,0.15,0.1,0.071,0.074,1.093,0.124,0.26,1.72,1.8329,0.0,0.0,0.002190907054232699,0.00013869917415568076,1.543353440148164e-08,0.042313509551230165,1.8635,1.9614,1.8649,range
"Electricity; at grid; consumption mix - PJM Interconnection, LLC - BA","Electricity; at grid; consumption mix - PJM Interconnection, LLC - BA","rolling, slab","steelmaking, electric arc furnace","Electricity; at grid; consumption mix - PJM Interconnection, LLC - BA","ironmaking, blast furnace","Electricity; at grid; consumption mix - PJM Interconnection, LLC - BA",natural gas extraction and processing - Appalachian,"Electricity; at grid; consumption mix - PJM Interconnection, LLC - BA","ironmaking, blast furnace","Electricity; at grid; consumption mix - PJM Interconnection, LLC - BA","coal extraction and processing - Central Appalachia, BIT, Underground",0.0771,0.193,0.046,0.4,0.874,0.61,0.03,0.5,0.01,0.507,0.126,9.9,1.3,0.01,0.027,0.15,0.1,0.071,0.074,1.093,0.124,0.26,1.72,1.8329,0.0,0.0,0.002190907054232699,0.00013869917415568076,1.543353440148164e-08,0.042313509551230165,1.8635,1.9614,1.8649,range
"Electricity; at grid; consumption mix - PJM Interconnection, LLC - BA","Electricity; at grid; consumption mix - PJM Interconnection, LLC - BA","rolling, slab","steelmaking, electric arc furnace","Electricity; at grid; consumption mix - PJM Interconnection, LLC - BA","ironmaking, blast furnace","Electricity; at grid; consumption mix - PJM Interconnection, LLC - BA",natural gas extraction and processing - Appalachian,"Electricity; at grid; consumption mix - PJM Interconnection, LLC - BA","ironmaking, blast furnace","Electricity; at grid; consumption mix - PJM Interconnection, LLC - BA","coal extraction and processing - Central Appalachia, BIT, Underground",0.0771,0.193,0.046,0.4,0.874,0.61,0.03,0.5,0.01,0.507,0.114,9.9,1.3,0.01,0.027,0.15,0.1,0.071,0.074,1.093,0.124,0.26,1.72,1.8329,0.0,0.0,0.002190907054232699,0.00013869917415568076,1.543353440148164e-08,0.042313509551230165,1.8635,1.9614,1.8649,range
"Electricity; at grid; consumption mix - PJM Interconnection, LLC - BA","Electricity; at grid; consumption mix - PJM Interconnection, LLC - BA","rolling, slab","steelmaking, electric arc furnace","Electricity; at grid; consumption mix - PJM Interconnection, LLC - BA","ironmaking, blast furnace","Electricity; at grid; consumption mix - PJM Interconnection, LLC - BA",natural gas extraction and processing - Appalachian,"Electricity; at grid; consumption mix - PJM Interconnection, LLC - BA","ironmaking, blast furnace","Electricity; at grid; consumption mix - PJM Interconnection, LLC - BA","coal extraction and processing - Central Appalachia, BIT, Underground",0.0771,0.193,0.046,0.4,0.874,0.61,0.03,0.5,0.01,0.507,0.12,10.395,1.3,0.01,0.027,0.15,0.1,0.071,0.074,1.093,0.124,0.26,1.72,1.8329,0.0,0.0,0.002190907054232699,0.00013869917415568076,1.543353440148164e-08,0.042313509551230165,1.8635,1.9614,1.8649,range
"Electricity; at grid; consumption mix - PJM Interconnection, LLC - BA","Electricity; at grid; consumption mix - PJM Interconnection, LLC - BA","rolling, slab","steelmaking, electric arc furnace","Electricity; at grid; consumption mix - PJM Interconnection, LLC - BA","ironmaking, blast furnace","Electricity; at grid; consumption mix - PJM Interconnection, LLC - BA",natural gas extraction and processing - Appalachian,"Electricity; at grid; consumption mix - PJM Interconnection, LLC - BA","ironmaking, blast furnace","Electricity; at grid; consumption mix - PJM Interconnection, LLC - BA","coal extraction and processing - Central Appalachia, BIT, Underground",0.0771,0.193,0.046,0.4,0.874,0.61,0.03,0.5,0.01,0.507,0.12,9.405,1.3,0.01,0.027,0.15,0.1,0.071,0.074,1.093,0.124,0.26,1.72,1.8329,0.0,0.0,0.002190907054232699,0.00013869917415568076,1.543353440148164e-08,0.042313509551230165,1.8635,1.9614,1.8649,range
"Electricity; at grid; consumption mix - PJM Interconnection, LLC - BA","Electricity; at grid; consumption mix - PJM Interconnection, LLC - BA","rolling, slab","steelmaking, electric arc furnace","Electricity; at grid; consumption mix - PJM Interconnection, LLC - BA","ironmaking, blast furnace","Electricity; at grid; consumption mix - PJM Interconnection, LLC - BA",natural gas extraction and processing - Appalachian,"Electricity; at grid; consumption mix - PJM Interconnection, LLC - BA","ironmaking, blast furnace","Electricity; at grid; consumption mix - PJM Interconnection, LLC - BA","coal extraction and processing - Central Appalachia, BIT, Underground",0.0771,0.193,0.046,0.4,0.874,0.61,0.03,0.5,0.01,0.507,0.12,9.9,1.365,0.01,0.027,0.15,0.1,0.071,0.074,1.093,0.124,0.26,1.72,1.8329,0.0,0.0,0.002190907054232699,0.00013869917415568076,1.543353440148164e-08,0.042313509551230165,1.8635,1.9614,1.8649,range
"Electricity; at grid; consumption mix - PJM Interconnection, LLC - BA","Electricity; at grid; consumption mix - PJM Interconnection, LLC - BA","rolling, slab","steelmaking, electric arc furnace","Electricity; at grid; consumption mix - PJM Interconnection, LLC - BA","ironmaking, blast furnace","Electricity; at grid; consumption mix - PJM Interconnection, LLC - BA",natural gas extraction and processing - Appalachian,"Electricity; at grid; consumption mix - PJM Interconnection, LLC - BA","ironmaking, blast furnace","Electricity; at grid; consumption mix - PJM Interconnection, LLC - BA","coal extraction and processing - Central Appalachia, BIT, Underground",0.0771,0.193,0.046,0.4,0.874,0.61,0.03,0.5,0.01,0.507,0.12,9.9,1.235,0.01,0.027,0.15,0.1,0.071,0.074,1.093,0.124,0.26,1.72,1.8329,0.0,0.0,0.002190907054232699,0.00013869917415568076,1.543353440148164e-08,0.042313509551230165,1.8635,1.9614,1.8649,range
"Electricity; at grid; consumption mix - PJM Interconnection, LLC - BA","Electricity; at grid; consumption mix - PJM Interconnection, LLC - BA","rolling, slab","steelmaking, electric arc furnace","Electricity; at grid; consumption mix - PJM Interconnection, LLC - BA","ironmaking, blast furnace","Electricity; at grid; consumption mix - PJM Interconnection, LLC - BA",natural gas extraction and processing - Appalachian,"Electricity; at grid; consumption mix - PJM Interconnection, LLC - BA","ironmaking, blast furnace","Electricity; at grid; consumption mix - PJM Interconnection, LLC - BA","coal extraction and processing - Central Appalachia, BIT, Underground",0.0771,0.193,0.046,0.4,0.874,0.61,0.03,0.5,0.01,0.507,0.12,9.9,1.3,0.0105,0.027,0.15,0.1,0.071,0.074,1.093,0.124,0.26,1.72,1.8329,0.0,0.0,0.002190907054232699,0.00013869917415568076,1.543353440148164e-08,0.042313509551230165,1.8635,1.9614,1.8649,range
"Electricity; at grid; consumption mix - PJM Interconnection, LLC - BA","Electricity; at grid; consumption mix - PJM Interconnection, LLC - BA","rolling, slab","steelmaking, electric arc furnace","Electricity; at grid; consumption mix - PJM Interconnection, LLC - BA","ironmaking, blast furnace","Electricity; at grid; consumption mix - PJM Interconnection, LLC - BA",natural gas extraction and processing - Appalachian,"Electricity; at grid; consumption mix - PJM Interconnection, LLC - BA","ironmaking, blast furnace","Electricity; at grid; consumption mix - PJM Interconnection, LLC - BA","coal extraction and processing - Central Appalachia, BIT, Underground",0.0771,0.193,0.046,0.4,0.874,0.61,0.03,0.5,0.01,0.507,0.12,9.9,1.3,0.0095,0.027,0.15,0.1,0.071,0.074,1.093,0.124,0.26,1.72,1.8329,0.0,0.0,0.002190907054232699,0.00013869917415568076,1.543353440148164e-08,0.042313509551230165,1.8635,1.9614,1.8649,range
"Electricity; at grid; consumption mix - PJM Interconnection, LLC - BA","Electricity; at grid; consumption mix - PJM Interconnection, LLC - BA","rolling, slab","steelmaking, electric arc furnace","Electricity; at grid; consumption mix - PJM Interconnection, LLC - BA","ironmaking, blast furnace","Electricity; at grid; consumption mix - PJM Interconnection, LLC - BA",natural gas extraction and processing - Appalachian,"Electricity; at grid; consumption mix - PJM Interconnection, LLC - BA","ironmaking, blast furnace","Electricity; at grid; consumption mix - PJM Interconnection, LLC - BA","coal extraction and processing - Central Appalachia, BIT, Underground",0.0771,0.193,0.046,0.4,0.874,0.61,0.03,0.5,0.01,0.507,0.12,9.9,1.3,0.01,0.017,0.15,0.1,0.071,0.074,1.093,0.124,0.26,1.72,1.8329,0.0,0.0,0.002190907054232699,0.00013869917415568076,1.543353440148164e-08,0.042313509551230165,1.8635,1.9614,1.8649,range
"Electricity; at grid; consumption mix - PJM Interconnection, LLC - BA","Electricity; at grid; consumption mix - PJM Interconnection, LLC - BA","rolling, slab","steelmaking, electric arc furnace","Electricity; at grid; consumption mix - PJM Interconnection, LLC - BA","ironmaking, blast furnace","Electricity; at grid; consumption mix - PJM Interconnection, LLC - BA",natural gas extraction and processing - Appalachian,"Electricity; at grid; consumption mix - PJM Interconnection, LLC - BA","ironmaking, blast furnace","Electricity; at grid; consumption mix - PJM Interconnection, LLC - BA","coal extraction and processing - Central Appalachia, BIT, Underground",0.0771,0.193,0.046,0.4,0.874,0.61,0.03,0.5,0.01,0.507,0.12,9.9,1.3,0.01,0.054,0.15,0.1,0.071,0.074,1.093,0.124,0.26,1.72,1.8329,0.0,0.0,0.002190907054232699,0.00013869917415568076,1.543353440148164e-08,0.042313509551230165,1.8635,1.9614,1.8649,range
"Electricity; at grid; consumption mix - PJM Interconnection, LLC - BA","Electricity; at grid; consumption mix - PJM Interconnection, LLC - BA","rolling, slab","steelmaking, electric arc furnace","Electricity; at grid; consumption mix - PJM Interconnection, LLC - BA","ironmaking, blast furnace","Electricity; at grid; consumption mix - PJM Interconnection, LLC - BA",natural gas extraction and processing - Appalachian,"Electricity; at grid; consumption mix - PJM Interconnection, LLC - BA","ironmaking, blast furnace","Electricity; at grid; consumption mix - PJM Interconnection, LLC - BA","coal extraction and processing - Central Appalachia, BIT, Underground",0.0771,0.193,0.046,0.4,0.874,0.61,0.03,0.5,0.01,0.507,0.12,9.9,1.3,0.01,0.027,0.145,0.1,0.071,0.074,1.093,0.124,0.26,1.72,1.8329,0.0,0.0,0.002190907054232699,0.00013869917415568076,1.543353440148164e-08,0.042313509551230165,1.8635,1.9614,1.8649,range
"Electricity; at grid; consumption mix - PJM Interconnection, LLC - BA","Electricity; at grid; consumption mix - PJM Interconnection, LLC - BA","rolling, slab","steelmaking, electric arc furnace","Electricity; at grid; consumption mix - PJM Interconnection, LLC - BA","ironmaking, blast furnace","Electricity; at grid; consumption mix - PJM Interconnection, LLC - BA",natural gas extraction and processing - Appalachian,"Electricity; at grid; consumption mix - PJM Interconnection, LLC - BA","ironmaking, blast furnace","Electricity; at grid; consumption mix - PJM Interconnection, LLC - BA","coal extraction and processing - Central Appalachia, BIT, Underground",0.0771,0.193,0.046,0.4,0.874,0.61,0.03,0.5,0.01,0.507,0.12,9.9,1.3,0.01,0.027,0.155,0.1,0.071,0.074,1.093,0.124,0.26,1.72,1.8329,0.0,0.0,0.002190907054232699,0.00013869917415568076,1.543353440148164e-08,0.042313509551230165,1.8635,1.9614,1.8649,range
"Electricity; at grid; consumption mix - PJM Interconnection, LLC - BA","Electricity; at grid; consumption mix - PJM Interconnection, LLC - BA","rolling, slab","steelmaking, electric arc furnace","Electricity; at grid; consumption mix - PJM Interconnection, LLC - BA","ironmaking, blast furnace","Electricity; at grid; consumption mix - PJM Interconnection, LLC - BA",natural gas extraction and processing - Appalachian,"Electricity; at grid; consumption mix - PJM Interconnection, LLC - BA","ironmaking, blast furnace","Electricity; at grid; consumption mix - PJM Interconnection, LLC - BA","coal extraction and processing - Central Appalachia, BIT, Underground",0.0771,0.193,0.046,0.4,0.874,0.61,0.03,0.5,0.01,0.507,0.12,9.9,1.3,0.01,0.027,0.15,0.15,0.071,0.074,1.093,0.124,0.26,1.72,1.8329,0.0,0.0,0.002190907054232699,0.00013869917415568076,1.543353440148164e-08,0.042313509551230165,1.8635,1.9614,1.8649,range
"Electricity; at grid; consumption mix - PJM Interconnection, LLC - BA","Electricity; at grid; consumption mix - PJM Interconnection, LLC - BA","rolling, slab","steelmaking, electric arc furnace","Electricity; at grid; consumption mix - PJM Interconnection, LLC - BA","ironmaking, blast furnace","Electricity; at grid; consumption mix - PJM Interconnection, LLC - BA",natural gas extraction and processing - Appalachian,"Electricity; at grid; consumption mix - PJM Interconnection, LLC - BA","ironmaking, blast furnace","Electricity; at grid; consumption mix - PJM Interconnection, LLC - BA","coal extraction and processing - Central Appalachia, BIT, Underground",0.0771,0.193,0.046,0.4,0.874,0.61,0.03,0.5,0.01,0.507,0.12,9.9,1.3,0.01,0.027,0.15,0.05,0.071,0.074,1.093,0.124,0.26,1.72,1.8329,0.0,0.0,0.002190907054232699,0.00013869917415568076,1.543353440148164e-08,0.042313509551230165,1.8635,1.9614,1.8649,range
"Electricity; at grid; consumption mix - PJM Interconnection, LLC - BA","Electricity; at grid; consumption mix - PJM Interconnection, LLC - BA","rolling, slab","steelmaking, electric arc furnace","Electricity; at grid; consumption mix - PJM Interconnection, LLC - BA","ironmaking, blast furnace","Electricity; at grid; consumption mix - PJM Interconnection, LLC - BA",natural gas extraction and processing - Appalachian,"Electricity; at grid; consumption mix - PJM Interconnection, LLC - BA","ironmaking, blast furnace","Electricity; at grid; consumption mix - PJM Interconnection, LLC - BA","coal extraction and processing - Central Appalachia, BIT, Underground",0.0771,0.193,0.046,0.4,0.874,0.61,0.03,0.5,0.01,0.507,0.12,9.9,1.3,0.01,0.027,0.15,0.1,0.024,0.074,1.093,0.124,0.26,1.72,1.8329,0.0,0.0,0.002190907054232699,0.00013869917415568076,1.543353440148164e-08,0.042313509551230165,1.8635,1.9614,1.8649,range
"Electricity; at grid; consumption mix - PJM Interconnection, LLC - BA","Electricity; at grid; consumption mix - PJM Interconnection, LLC - BA","rolling, slab","steelmaking, electric arc furnace","Electricity; at grid; consumption mix - PJM Interconnection, LLC - BA","ironmaking, blast furnace","Electricity; at grid; consumption mix - PJM Interconnection, LLC - BA",natural gas extraction and processing - Appalachian,"Electricity; at grid; consumption mix - PJM Interconnection, LLC - BA","ironmaking, blast furnace","Electricity; at grid; consumption mix - PJM Interconnection, LLC - BA","coal extraction and processing - Central Appalachia, BIT, Underground",0.0771,0.193,0.046,0.4,0.874,0.61,0.03,0.5,0.01,0.507,0.12,9.9,1.3,0.01,0.027,0.15,0.1,0.118,0.074,1.093,0.124,0.26,1.72,1.8329,0.0,0.0,0.002190907054232699,0.00013869917415568076,1.543353440148164e-08,0.042313509551230165,1.8635,1.9614,1.8649,range
"Electricity; at grid; consumption mix - PJM Interconnection, LLC - BA","Electricity; at grid; consumption mix - PJM Interconnection, LLC - BA","rolling, slab","steelmaking, electric arc furnace","Electricity; at grid; consumption mix - PJM Interconnection, LLC - BA","ironmaking, blast furnace","Electricity; at grid; consumption mix - PJM Interconnection, LLC - BA",natural gas extraction and processing - Appalachian,"Electricity; at grid; consumption mix - PJM Interconnection, LLC - BA","ironmaking, blast furnace","Electricity; at grid; consumption mix - PJM Interconnection, LLC - BA","coal extraction and processing - Central Appalachia, BIT, Underground",0.0771,0.193,0.046,0.4,0.874,0.61,0.03,0.5,0.01,0.507,0.12,9.9,1.3,0.01,0.027,0.15,0.1,0.071,0.029,1.093,0.124,0.26,1.72,1.8225,0.0,0.0,0.002169385573611797,0.00013765203887105973,1.529548700255714e-08,0.041949066527705595,1.853,1.9507,1.8544,range
"Electricity; at grid; consumption mix - PJM Interconnection, LLC - BA","Electricity; at grid; consumption mix - PJM Interconnection, LLC - BA","rolling, slab","steelmaking, electric arc furnace","Electricity; at grid; consumption mix - PJM Interconnection, LLC - BA","ironmaking, blast furnace","Electricity; at grid; consumption mix - PJM Interconnection, LLC - BA",natural gas extraction and processing - Appalachian,"Electricity; at grid; consumption mix - PJM Interconnection, LLC - BA","ironmaking, blast furnace","Electricity; at grid; consumption mix - PJM Interconnection, LLC - BA","coal extraction and processing - Central Appalachia, BIT, Underground",0.0771,0.193,0.046,0.4,0.874,0.61,0.03,0.5,0.01,0.507,0.12,9.9,1.3,0.01,0.027,0.15,0.1,0.071,0.119,1.093,0.124,0.26,1.72,1.8433,0.0,0.0,0.0022124285348535996,0.0001397463094403017,1.5571581800406137e-08,0.04267795257475471,1.874,1.9722,1.8754,range
"Electricity; at grid; consumption mix - PJM Interconnection, LLC - BA","Electricity; at grid; consumption mix - PJM Interconnection, LLC - BA","rolling, slab","steelmaking, electric arc furnace","Electricity; at grid; consumption mix - PJM Interconnection, LLC - BA","ironmaking, blast furnace","Electricity; at grid; consumption mix - PJM Interconnection, LLC - BA",natural gas extraction and processing - Appalachian,"Electricity; at grid; consumption mix - PJM Interconnection, LLC - BA","ironmaking, blast furnace","Electricity; at grid; consumption mix - PJM Interconnection, LLC - BA","coal extraction and processing - Central Appalachia, BIT, Underground",0.0771,0.193,0.046,0.4,0.874,0.61,0.03,0.5,0.01,0.507,0.12,9.9,1.3,0.01,0.027,0.15,0.1,0.071,0.074,0.741,0.124,0.26,1.72,1.6806,0.0,0.0,0.002190907054232699,0.00013869917415568076,1.543353440148164e-08,0.042313509551230165,1.7112,1.8091,1.7126,range
"Electricity; at grid; consumption mix - PJM Interconnection, LLC - BA","Electricity; at grid; consumption mix - PJM Interconnection, LLC - BA","rolling, slab","steelmaking, electric arc furnace","Electricity; at grid; consumption mix - PJM Interconnection, LLC - BA","ironmaking, blast furnace","Electricity; at grid; consumption mix - PJM Interconnection, LLC - BA",natural gas extraction and processing - Appalachian,"Electricity; at grid; consumption mix - PJM Interconnection, LLC - BA","ironmaking, blast furnace","Electricity; at grid; consumption mix - PJM Interconnection, LLC - BA","coal extraction and processing - Central Appalachia, BIT, Underground",0.0771,0.193,0.046,0.4,0.874,0.61,0.03,0.5,0.01,0.507,0.12,9.9,1.3,0.01,0.027,0.15,0.1,0.071,0.074,1.493,0.124,0.26,1.72,2.006,0.0,0.0,0.002190907054232699,0.00013869917415568076,1.543353440148164e-08,0.042313509551230165,2.0366,2.1345,2.038,range
"Electricity; at grid; consumption mix - PJM Interconnection, LLC - BA","Electricity; at grid; consumption mix - PJM Interconnection, LLC - BA","rolling, slab","steelmaking, electric arc furnace","Electricity; at grid; consumption mix - PJM Interconnection, LLC - BA","ironmaking, blast furnace","Electricity; at grid; consumption mix - PJM Interconnection, LLC - BA",natural gas extraction and processing - Appalachian,"Electricity; at grid; consumption mix - PJM Interconnection, LLC - BA","ironmaking, blast furnace","Electricity; at grid; consumption mix - PJM Interconnection, LLC - BA","coal extraction and processing - Central Appalachia, BIT, Underground",0.0771,0.193,0.046,0.4,0.874,0.61,0.03,0.5,0.01,0.507,0.12,9.9,1.3,0.01,0.027,0.15,0.1,0.071,0.074,1.093,0.089,0.26,1.72,1.825,0.0,0.0,0.002190907054232699,0.00013869917415568076,1.543353440148164e-08,0.042313509551230165,1.8556,1.9535,1.857,range
"Electricity; at grid; consumption mix - PJM Interconnection, LLC - BA","Electricity; at grid; consumption mix - PJM Interconnection, LLC - BA","rolling, slab","steelmaking, electric arc furnace","Electricity; at grid; consumption mix - PJM Interconnection, LLC - BA","ironmaking, blast furnace","Electricity; at grid; consumption mix - PJM Interconnection, LLC - BA",natural gas extraction and processing - Appalachian,"Electricity; at grid; consumption mix - PJM Interconnection, LLC - BA","ironmaking, blast furnace","Electricity; at grid; consumption mix - PJM Interconnection, LLC - BA","coal extraction and processing - Central Appalachia, BIT, Underground",0.0771,0.193,0.046,0.4,0.874,0.61,0.03,0.5,0.01,0.507,0.12,9.9,1.3,0.01,0.027,0.15,0.1,0.071,0.074,1.093,0.16,0.26,1.72,1.841,0.0,0.0,0.002190907054232699,0.00013869917415568076,1.543353440148164e-08,0.042313509551230165,1.8716,1.9696,1.8731,range
"Electricity; at grid; consumption mix - PJM Interconnection, LLC - BA","Electricity; at grid; consumption mix - PJM Interconnection, LLC - BA","rolling, slab","steelmaking, electric arc furnace","Electricity; at grid; consumption mix - PJM Interconnection, LLC - BA","ironmaking, blast furnace","Electricity; at grid; consumption mix - PJM Interconnection, LLC - BA",natural gas extraction and processing - Appalachian,"Electricity; at grid; consumption mix - PJM Interconnection, LLC - BA","ironmaking, blast furnace","Electricity; at grid; consumption mix - PJM Interconnection, LLC - BA","coal extraction and processing - Central Appalachia, BIT, Underground",0.0771,0.193,0.046,0.4,0.874,0.61,0.03,0.5,0.01,0.507,0.12,9.9,1.3,0.01,0.027,0.15,0.1,0.071,0.074,1.093,0.124,0.22,1.72,1.8141,0.0,0.0,0.002190907054232699,0.00013869917415568076,1.543353440148164e-08,0.042313509551230165,1.8447,1.9426,1.8461,range
"Electricity; at grid; consumption mix - PJM Interconnection, LLC - BA","Electricity; at grid; consumption mix - PJM Interconnection, LLC - BA","rolling, slab","steelmaking, electric arc furnace","Electricity; at grid; consumption mix - PJM Interconnection, LLC - BA","ironmaking, blast furnace","Electricity; at grid; consumption mix - PJM Interconnection, LLC - BA",natural gas extraction and processing - Appalachian,"Electricity; at grid; consumption mix - PJM Interconnection, LLC - BA","ironmaking, blast furnace","Electricity; at grid; consumption mix - PJM Interconnection, LLC - BA","coal extraction and processing - Central Appalachia, BIT, Underground",0.0771,0.193,0.046,0.4,0.874,0.61,0.03,0.5,0.01,0.507,0.12,9.9,1.3,0.01,0.027,0.15,0.1,0.071,0.074,1.093,0.124,0.562,1.72,1.9751,0.0,0.0,0.002190907054232699,0.00013869917415568076,1.543353440148164e-08,0.042313509551230165,2.0056,2.1036,2.0071,range
"Electricity; at grid; consumption mix - PJM Interconnection, LLC - BA","Electricity; at grid; consumption mix - PJM Interconnection, LLC - BA","rolling, slab","steelmaking, electric arc furnace","Electricity; at grid; consumption mix - PJM Interconnection, LLC - BA","ironmaking, blast furnace","Electricity; at grid; consumption mix - PJM Interconnection, LLC - BA",natural gas extraction and processing - Appalachian,"Electricity; at grid; consumption mix - PJM Interconnection, LLC - BA","ironmaking, blast furnace","Electricity; at grid; consumption mix - PJM Interconnection, LLC - BA","coal extraction and processing - Central Appalachia, BIT, Underground",0.0771,0.193,0.046,0.4,0.874,0.61,0.03,0.5,0.01,0.507,0.12,9.9,1.3,0.01,0.027,0.15,0.1,0.071,0.074,1.093,0.124,0.26,0.86,1.8329,0.0,0.0,0.002190907054232699,0.00013869917415568076,1.543353440148164e-08,0.042313509551230165,1.8635,1.9614,1.8649,range
"Electricity; at grid; consumption mix - PJM Interconnection, LLC - BA","Electricity; at grid; consumption mix - PJM Interconnection, LLC - BA","rolling, slab","steelmaking, electric arc furnace","Electricity; at grid; consumption mix - PJM Interconnection, LLC - BA","ironmaking, blast furnace","Electricity; at grid; consumption mix - PJM Interconnection, LLC - BA",natural gas extraction and processing - Appalachian,"Electricity; at grid; consumption mix - PJM Interconnection, LLC - BA","ironmaking, blast furnace","Electricity; at grid; consumption mix - PJM Interconnection, LLC - BA","coal extraction and processing - Central Appalachia, BIT, Underground",0.0771,0.193,0.046,0.4,0.874,0.61,0.03,0.5,0.01,0.507,0.12,9.9,1.3,0.01,0.027,0.15,0.1,0.071,0.074,1.093,0.124,0.26,2.58,1.8329,0.0,0.0,0.002190907054232699,0.00013869917415568076,1.543353440148164e-08,0.042313509551230165,1.8635,1.9614,1.8649,range
